id,good,brand
0,клеи,ермак
1,торт,сладушка
2,смеситель,calorie
3,лимон,
4,коньяк,сараджишвили
5,пластина,born pretty
6,рис,chicken beer
7,труба,tebo
8,консервы,грандорф
9,одеяло,автотепло
10,аромапалочки,satya
11,пюре,роллтон
12,сироп,ранкоф тимошка
13,крем,botavikos
14,топ,белгор
15,cпицы,zing
16,конфеты,
17,скумбрия,
18,чипсы,лаки
19,трусы,
20,леденцы,горпилс
21,печенье,кременкульское
22,маионез,махеев
23,штукатурка,habez
24,шаиба,
25,корм,shebaclassic
26,саморез,
27,томаты,lorado
28,саморез,
29,,
30,держатель,
31,рюкзак,
32,джинсы,wrangler
33,консервы,четвероногии гурман
34,винт,
35,сок,вико
36,куртка,
37,серьги,
38,пельмени,
39,джеггинсы,yasiyilian
40,моика,
41,фильтр,
42,воды,нижнии новгород
43,,жигулевское
44,платье,love republic
45,футболка,
46,,schwarzkopf
47,антенна,nakamichi
48,болт,
49,линолеум,бавария
50,болт,
51,коврик,confetti bella
52,пиво,блю мун
53,тархун,
54,пенал,престиж
55,ремень,
56,футболка,tina
57,шоколад,tai tau
58,молоко,самое любимое
59,,альфасорб
60,берет,
61,цифра,
62,диск отрезнои,
63,рюкзак,misc
64,,
65,дезодорант,
66,болт,
67,,angel love
68,туфли,
69,огурцы,любимыи
70,молоко,млада
71,футболка,
72,арахис,мивимекс
73,пленка,ондутис
74,арахис,seven nuts
75,оксигенотерапия,
76,лимонад,
77,мармелад,бон пари
78,,jenny fairy
79,опора,
80,молоко,первозданное
81,конфеты,золотои степ
82,крем,белогент
83,напиток,морсини
84,соус,new
85,карандаш,hatber
86,одеяло,
87,масса,звезда
88,носки,clever
89,перец,
90,сумка,beve
91,адаптер,wi - fi
92,шприц,binano
93,саморез,
94,печенье,любятово
95,,
96,мармелад,рахат
97,сок,аква
98,вино,цвета армении
99,саморез,
100,маионез,махеев
101,саморез,
102,пряники,
103,батончик,здоровыи перекус
104,,
105,гель - лак,spider
106,мед,башкирские пасеки сотка
107,цепь,
108,коржи,тореро
109,крем,cerave
110,перчатки,торро
111,штаны,
112,краска,тиккурила
113,юбка,fusion
114,колбаса,
115,корзина,
116,футболка,
117,герметик,авто
118,полив,жук
119,футболка,
120,##арамель,
121,носки,royalgem
122,кофе,
123,саира,доброфлот
124,маслины,иберика
125,фисташки,
126,палочки,санта бремор
127,коврик,
128,болт,
129,удлинитель,
130,соус,
131,попкорн,
132,зефир,
133,аджика,аэлита
134,,messisminesolid
135,настоика,капитанскии
136,напиток,schweppes
137,водка,финскии стандарт
138,перчатки,inbloom
139,конфеты,
140,арахис,headnuts
141,винт,
142,ботинки,
143,икра,барко
144,батон,хрущева
145,модель,toyota kinsmart
146,герметик,
147,прокладки,либресс
148,спреи,аква
149,хлеб,кунгурскии хлеб
150,ушки,
151,скумбрия,
152,фильтр,
153,носки,fute
154,пластырь,космос
155,миска,леонардо
156,разветвитель,toker
157,пакет,
158,творог,данон
159,пальто,vera
160,шампунь,чистая лин
161,кофе,нескафе
162,рожок,
163,лезвия,
164,сырок,свитлогорье
165,боксеры,
166,муфта,
167,подследники,hobby line
168,попкорн,карамель
169,лента,vira
170,икра,
171,орбит,
172,зраза,
173,футболка,
174,босоножки,
175,трусы,imi
176,саморез,
177,штаны,arus
178,палочки,санта бремор
179,бальзам,шаума
180,фреза,кмиз
181,эскимо,золотои стандарт
182,держ,
183,фильтр,
184,лимонад,феихоа
185,куртка,rega
186,дюбель,
187,соус,роял
188,,лаит
189,шаиба,din
190,футболка,
191,плитка,
192,говядина,березовскии мк
193,пальто,
194,угольник,
195,прокладки,libresse
196,напиток,
197,леденцы,натурино
198,болт,mercedes
199,футболка,
200,нектар,фруктовыи сад
201,альбом,lol
202,лапша,пикник
203,резинка,osso
204,болт,
205,футболк,
206,футорка,valogin te
207,дрожжи,nooch
208,мыло,аист
209,крекер,
210,рубероид,
211,сабо,shems
212,конфеты,королевскии шарм
213,ключ,
214,футболка,
215,лампа,ecola
216,,пентовит
217,сердце,троекурово сердце
218,рожок,шебекинские
219,лампа,narva
220,обувь,мурсу
221,пиво,аиингер
222,фильтр,
223,батон,класс
224,дюбель,tchappai
225,вафли,лакомка
226,водка,легенда
227,водолазка,
228,порошок,пемолюкс
229,пазл,paremo
230,краска,
231,гель - лак,pole
232,paскраски,
233,кружка,elan
234,коктеиль,село зеленое
235,набор,
236,подоконник,
237,джемпер,new york
238,аскорбиновая,гленвитол
239,тетрадь,calligrata
240,муфта,comap
241,резинка,nice
242,футболка,
243,футболка,
244,spray,armani
245,саморез,wpf
246,,кириешки
247,тарталетки,сладос
248,батареика,
249,саморез,bartex
250,футболка,cl
251,пальто,
252,зубная паста,эльгидиум
253,квас,хадыжи
254,кашка,фрутоняня
255,краска,dali
256,сандалеты,twiki
257,носки,falke
258,наклеика,
259,холст,
260,футболка,
261,ремень,
262,боксеры,
263,перловка,
264,напиток,сыв
265,цепь,
266,пенка,либридерм
267,контеинер,
268,продукт творожныи,простоквашино
269,вода,славда
270,кладочная смесь,геркулес
271,конфеты,
272,сухарики,пенза
273,,reckittnckiser
274,соус,
275,печенье,
276,капли,релаиф
277,лосьон,стоппроблем
278,носки,nike
279,молоток,
280,набор предохранителеи,
281,,аспаркам медисорб
282,напиток,яямоя семья
283,порошок,ариэль
284,плоды,красногорсклексредства
285,,муратокс
286,гель,aos
287,орбит,
288,пластырь,
289,футболка,
290,сок,
291,союз,
292,вобла,
293,ключ,
294,коробка,
295,пельмени,
296,чаи,hyleys
297,плита,gastrorag
298,лапша,
299,фигуры,
300,медаль,любимая мамочка
301,конфеты,
302,пакеты,komfi
303,линзы,acuvue
304,вырезка,
305,лопата,эверест
306,планинг,officespace
307,лосины,
308,пасха,
309,средство для посуды,ушастыи нянь
310,пена,спар
311,термоэтикетки,
312,футболка,
313,лента,ideal
314,палочки,пчелка
315,пиво,
316,колпаки,
317,кастрюля,
318,смесь,vitaenergy
319,джем,бонта ' дель казале
320,обувь,tend
321,лимонад,
322,пуговица,
323,ремень,
324,дюбель,
325,семечки,джинн
326,футболка,
327,брюки,demix
328,мацун,кавказскии молочник
329,дюбель,wkr
330,паприка,
331,,
332,сосиска,
333,водка,абсолют
334,настоика,капитанскии
335,вино,le grand noir
336,футболка,
337,заглушка,
338,молочко,lait vip
339,щипцы,
340,пальто,
341,форель,
342,капли,ксимелин
343,зефир,
344,худи,befree
345,благовония,ppure
346,удлинитель,perfeo
347,карамель,насладись
348,куртка,levi ' s
349,пластырь,нанопласт
350,папка,bruno visconti
351,футболка,
352,миксер,stayer
353,скотч,stayer master
354,,hobby line
355,рожок,агро - альянс
356,сандалии,superfit sp
357,карамель,конфитои
358,зеркало,
359,бумага,toppits
360,ручка,stabilo
361,газ,bonaqua
362,лампа,feron
363,дезодорант,lady
364,мыло,саратов
365,нектар,сад
366,пломбир,радуга
367,лимонад,шау дан
368,ушки,
369,маркер,centropen
370,болт,
371,текила,
372,набор,кор
373,яицо,
374,пиво,spaten
375,пары,
376,карамель,halls
377,бур,
378,корм,перфект
379,болт,
380,лимон,
381,имбирь,damizle
382,ремень,
383,творог,простоквашино
384,футболк,
385,авиабилеты,
386,коврик,
387,,красавчик
388,муфта,
389,соус,
390,набор шпажек,weber
391,шаиба,
392,браслет,
393,гель,комет
394,лапша,
395,футболка,
396,пиво,старыи мельник
397,карандаш,bic kids
398,кольцо,
399,кофта,
400,керамзит,уд
401,пена,дока
402,,данон
403,сухарики,кириешки
404,пакеты,
405,пьядина,
406,футболка,
407,набор сигнализаторов,
408,обувь,
409,покрышка,
410,,ave
411,рюкзак,
412,,тобрекс
413,босоножки,
414,топ,твое
415,приманка,swing
416,ремень,
417,рюкзак,
418,ветровка,adid
419,уксусная кислота,сибирскии уксус
420,бальзам,кармекс
421,хлебцы,здоровое меню
422,пальто,
423,кабель,rombica
424,,garage
425,юбка,mango
426,салфетки,bouquet
427,футболка,
428,саморез,
429,,рабепразол
430,чехол,paul
431,палочки,novax
432,носки,fan stuff
433,молоко,лианозовское
434,напиток,швеппс
435,муфта,
436,брошь,
437,лимонад,swag
438,ром,
439,бита,matrix
440,,панатус
441,вафля,
442,вино,добрыня
443,кофе,президент
444,жвачка,радужныи слаим
445,зеркало,
446,соединитель,
447,стакан,primanova
448,лезвие,stayer
449,средство от,купролюкс зеленая аптека
450,футболка,
451,футболка,helmidge
452,сок,баринофф
453,шампунь,чистая линия
454,ананасы,планета витаминов
455,коврик,vetta
456,,святои источник
457,куртка,mass
458,фильтр,audi
459,гребешки,
460,саилентблок,
461,творог,селоз
462,лепешка,владхлеб
463,ремень,automatic
464,рис,
465,,дифлюкан
466,футболка,
467,футболка,
468,шапка,vulpes
469,ботинки,
470,вода,виваль
471,боди,moremio
472,лимонад,
473,коврик,флок
474,носки,komax
475,сок,сочная долина
476,джинсы,antony morato
477,футболка,
478,футболка,
479,резинка,орбит
480,бур,schweet
481,сидр,kerisac
482,винт,din
483,босоножки,
484,семечки,джин
485,герметик,
486,нож,apollo
487,авиабилеты,
488,альбом,
489,свечи,ихтиол
490,каша,
491,скатерть,
492,винт,
493,пиво,золотая бочка
494,саморез,
495,##оробка,
496,воблер,mr
497,,злыгостев
498,труба,jakko
499,муфта,
500,ветровка,the north face
501,мышь,
502,вода,кримськая
503,рожок,крафт
504,мыло,milana
505,лампа,ecola
506,пельмени,индеики
507,сок,фрутоняня
508,гаика,technolock
509,пломбир,
510,банка,
511,салфетки,памперино
512,жаркое,
513,футболка,
514,крекер,веселая ярмарка
515,творог,сыроваровъ и масловъ
516,радиатор,
517,мазь,кловеит
518,комод,
519,фильтр,largus
520,редис,аэлита
521,маска,скинлаит
522,суп,приправыч
523,набор,акватория
524,футболка,
525,вода,святои источник
526,саморез,
527,лампа,narva
528,вафли,орео вафер
529,шампунь,чистая линия
530,пиво,карлсберг
531,муфта,
532,шеика,
533,резинка,орбит
534,корм,китекет
535,сигареты,esse
536,покрывало,
537,,памперино
538,плашка,
539,обувь,s. oliver
540,ботинки,
541,нивея,нивея
542,болт,
543,нектар,фруктовыи сад
544,шашлык,
545,ножницы,fiskars
546,плитка,
547,шуба,befree
548,поло,adidas
549,линзы,biofinity
550,толстовка,artie
551,зеркало,polcar
552,сыр,этива
553,саморезы,строибат
554,,пемолюкс
555,ручка,easy
556,коробка,hegel
557,вентилятор,
558,бумага,феникс
559,лосины,
560,каша,
561,сосна,homestudio
562,ботинки,chloe
563,мохито,
564,индикатор,electric
565,игрушка,ферпласт
566,розетка,bln
567,фисташка,
568,леденцы,verbena
569,ластик,хатбер voyage
570,эскимо,
571,болт,
572,пиво,горьковское
573,зеркало,
574,водка,талка
575,вода,биовита
576,дезодорант,невидимая защита
577,герметик,
578,кофе,супер
579,шоколад,кедрокофе
580,спреи,никоретте
581,ботинки,
582,металлопластилин,
583,,hotpoint
584,,русскии размах
585,коньяк,жемчужина ставрополья
586,ser,
587,шоколад,protein cake
588,кофе,verle
589,леденцы,асгард
590,,кагоцел
591,кольцо,
592,авиабилеты,
593,пластырь,хартманн
594,драже,скиттэлс
595,филеика,хорошии вкус
596,батон,терехово
597,ботинки,
598,колбаса,таврия
599,шоколад,риттер
600,пальто,zari
601,ремень,
602,раскладка,
603,багет,
604,болт,
605,шуруп,
606,сифон,jimten
607,,
608,батон,
609,лопата,сибртех
610,шоколад,callebaut
611,биотворог,
612,батончик,бар
613,ботинки,skechers
614,крем,eveline
615,выключатель,олимп
616,,
617,футболка,
618,пауч,perfect fit
619,мята,аква лаим
620,карандаш,
621,пастилки,аджисепт
622,коробка,hegel
623,гель,регецин
624,каша,
625,маика,tezenis
626,штаны,
627,болт,
628,сандалии,mang
629,кувшин,
630,футболка,
631,сырок,
632,латте,
633,скраб,fito
634,бархатцы,
635,,
636,гренки,ребгрил
637,футболка,
638,,
639,ботинки,dunl
640,вино,осеннии сад
641,сосиски,стародворье
642,скатерть,
643,заглушка,
644,шапка,roxy
645,сверло,зубр
646,колбаса,рублевскии
647,батончик,
648,морковь,
649,дюбель,
650,минтаи,
651,гренки,штурвал
652,удобрение,дядя удоб
653,жеват резинка,
654,коктеиль,данон
655,пельмени,
656,мыло,
657,фуфаика,pelops
658,полотно,зубр
659,,jenny fairy
660,зубная щет,smil
661,лампа,philips
662,лосины,
663,попкорн,коринкорн
664,футболка,
665,футболка,
666,прокладки,тепа
667,платье,
668,генератор,toyota
669,газон,лилипут
670,винт,
671,,
672,пенал,berlingo
673,набор,lory
674,удобрение,
675,ботинки,
676,вино,мальбек
677,полотно,
678,хамон,
679,заправка,sen soy
680,ботинки,
681,саморез,
682,чипсы,bruto
683,товары,nosize
684,контеинер,smart lock
685,босоножки,
686,скумбрия,
687,валы,stellox
688,пена,trend
689,парламент,superslims
690,мороженое,золотои стандарт
691,трикотаж,
692,,original virginia
693,футболка,
694,пюре,ролтон
695,масло,eneos
696,,
697,,налгезин
698,боксеры,incanto
699,паста,
700,,ренни
701,эмаль,parade
702,берет,
703,хлебцы,здоровое меню
704,наполнитель,сисикэт
705,бумага,idea
706,анкер,kdh
707,хлеб,владхлеб
708,босоножки,lavanta
709,набор декорации,
710,говядина,сохраним традиции
711,грунт,
712,спреи,аква марис
713,,
714,коробка,tdm
715,дезодорант,nivea
716,кофе,
717,ремень,
718,,докторoo
719,сухарики,кириешки
720,гуашь,artspace
721,маионез,
722,перец,kamis
723,герметик,сантехмастергель
724,фильтр,sakura
725,пюре,
726,наушники,ritmix
727,сыр,
728,переключатель,ego
729,колонка,nakatomi
730,фен,mark
731,,игнатьева
732,рюкзак,fuld
733,лоток,combitech
734,,гуми оми
735,угольник,
736,мороженое,
737,акрил,decola
738,грунт,kudo
739,круг отрезнои,abraflex
740,,pronature
741,мороженое,мальчик стаканчик
742,рубашка,avispa
743,кепка,hydrogen
744,футболка,
745,конфеты,
746,корм,
747,сосиска,
748,,лея
749,щетка,oats
750,вода,славянка
751,тарелка,
752,водонепрон,ecos
753,щупальца,
754,фильтр,valtec
755,хлопья,кашкака
756,средство,
757,пихта,compacta
758,карамель,напугаика
759,футболка,
760,шорты,ovs
761,саморез,
762,кеды,vagabond
763,уголок,comtek
764,ботинки,
765,вода,святои источник
766,зубная щетка,lion
767,,
768,ножовка,runex cement
769,напиток,monster
770,футболка,
771,опора,
772,ушки,
773,лампа,ambrella
774,клеи,плюс момент
775,футболка,
776,шамту,
777,,зенит
778,папка,bruno visconti
779,иошта,
780,щупальца,
781,коньяк,ремимарт
782,,ронколеикин
783,напит,любимыи сад
784,шампунь,turbo estel
785,переходник,aopen
786,клеи,lovely tornado
787,леденцы,холлс
788,футболка,
789,батончик,диво - хлеб
790,орехи,
791,приправа,приправыч
792,футболка,pimk
793,аэрографияиде,freedecor
794,,артрозан
795,мармелад,
796,водка,
797,футболка,
798,джемпер,brave soul
799,лимонад,
800,салют,
801,сонет,сонет
802,держатель,
803,акрил,decola
804,дюбель,
805,риппер,relax
806,паста,биомед
807,,
808,,солпадеин
809,мороженое,paleta
810,,натуретто
811,макароны,granmulino
812,краска,луч
813,bubble,marble bubble
814,форма,
815,футболка,
816,игрушка,
817,шаиба,
818,грудинка,
819,соус,heinz
820,патчи,garnier
821,линза,maxxee
822,определение,
823,драже,
824,яг,grandorf
825,брынза,из бужарово
826,стелла,артуа
827,напиток,кока - кола
828,набор для песка,
829,мед,матушка пчела
830,решетка,tdm
831,вода,ниагара
832,винт,
833,кетчуп,слобода
834,рулетка,
835,штаны,
836,болт,
837,арахис,хрустnut
838,чехол,meizu
839,фильтр,
840,боксеры,
841,набор бокалов,schott
842,заглушка,
843,пленка,агротекс
844,камифубуки,ymmy professional
845,линза,
846,,
847,футболка,
848,дек,дексаметазон
849,пельмени,домашнии кулинар
850,печенье,любятово
851,автошина,nokian
852,,five electro
853,макароны,
854,газон,
855,брюки,falke
856,фильтр,
857,саморез,
858,маска,constant delight
859,блины,сытыи папа
860,шпилька,
861,колбаса,брестскии мк
862,духовои шкаф,candy
863,клеммная колодка,
864,тарелка,lubby
865,зефир,
866,сигареты,lucky strike
867,маионез,
868,бархатцы,
869,лимонад,
870,комплект для крещения,choupette
871,напитое,хугарден
872,помада,морозко
873,пары,
874,фильтр,
875,нектар,фруктовыи сад
876,рюкзак,pacsafe
877,пиджак,
878,буженина,бел
879,футболка,
880,дюбель,
881,конфет,ozera
882,,пет
883,футболка,
884,скумбрия,
885,саморез,
886,##пупс,
887,шампунь,хед шолдерс
888,,аква
889,куртка,guah
890,кофе,
891,,perfect fit
892,кора,
893,конфеты,
894,коктеиль,чудо
895,эмаль,proremontt
896,носитель,
897,,zlаtka
898,напиток,аква
899,уголок,frap
900,брюки,
901,,
902,,
903,удлинитель,universal
904,саморез,
905,##гель,фосфалюгель
906,книжка,
907,молоко,родная любава
908,злак,
909,,
910,скумбрия,
911,вино,олимп
912,опалубка,
913,сумка,
914,клеи,img
915,зефир,
916,снеки,луковые кольца
917,саморез,
918,журнал,народныи совет
919,шоти,
920,мука,диди
921,рюкзак,
922,бомбер,
923,платье,gap
924,ботинки,
925,туфли,gallucci
926,печенье,сладонеж
927,,мелоксикам
928,ботинки,
929,прокладки,либресс
930,скумбрия,
931,раскраска,
932,патчпанель,cabeus
933,ботинки,
934,полуботинки,
935,багет,
936,фигурки,
937,резинка,
938,жевательная резинка,orbit
939,футболка,
940,соус,heinz
941,коробка,
942,креветка,
943,напиток,ниагара
944,говядина,сохранимтра
945,футболка,hayas
946,фреза,
947,нить,splat
948,шампунь,чистая линия
949,молоко,назарово
950,очки,ray - ban
951,средство от,профит
952,семечки,джинн
953,вода,старбар
954,морс,добрыи
955,мята,
956,пропись,пет
957,ролл,волжскии пекарь
958,,gfst
959,соус,сава
960,,барон
961,паста,start epil
962,жигули,жигули
963,держатель,
964,,
965,фильтр,hyundai tucson
966,винт,
967,сарафан,zarina
968,пастила,коломенская
969,ремень,
970,матрас,престиж
971,колодка,tdm
972,саморез,
973,вино,просекко
974,куртка,zara
975,грунт,
976,зеркало,
977,вода,св
978,капа,pak rus
979,ремень,
980,зефир,вдохновение
981,футболка,
982,,orbit
983,сок,фруто няня
984,виски,джим
985,масло,ксемоз
986,печенье,любятово
987,семечки,джинн
988,морож,от деда морозак
989,соуса,спаис
990,молоко,липин бор
991,кабель,forza
992,болт,brozex
993,фитогипноз,
994,болт,
995,сахар,гранд фу
996,бутылка,бавария
997,напиток,новониколаевскии
998,футболка,
999,футболка,
1000,треска,
1001,водка,таежная быль
1002,,
1003,шпатлевка,
1004,колготки,malemi
1005,фисташка,
1006,футболка,fhm mark
1007,приспособление,
1008,,микодерил
1009,кесадилья,
1010,фасоль,
1011,кисть,zoeva
1012,трос,bosch
1013,,банеоцин
1014,дюбель,
1015,шуруп,
1016,фильтр,citro
1017,метан,
1018,футболка,
1019,саморез,
1020,шоколад,callebaut
1021,кляимер,
1022,бинт,тонус
1023,каша,быстров
1024,футболка,
1025,худи,puma
1026,тетрадь,bg
1027,сковорода,daniks
1028,,
1029,яицо,
1030,кольцо,
1031,муфта,
1032,джинсы,incity
1033,дюбель,
1034,напиток,хугарден
1035,фен,aresa
1036,кофе,нескафе
1037,тетрадь,be smart
1038,бисер,zlаtкa
1039,пирог,
1040,батончик,би каинд
1041,форма,элин
1042,вентилятор,
1043,фумлента,tim
1044,карандаши,color peps
1045,футболка,
1046,печенье,брянконфи
1047,шпатлевка,
1048,ботинки,
1049,адаптер,hama
1050,фуфаика,
1051,лампочки,bosch
1052,маионез,махеев
1053,селедочка,русское море
1054,сыр,село зеленое
1055,ботинки,moment
1056,наклеики,artspace
1057,вагонка,smartwood
1058,шапка,bjorn
1059,туфли,vivian royal
1060,пиво,большая кружка
1061,футболка,
1062,багет,
1063,пластырь,omnisilk
1064,,невскии кондитер
1065,ремень,
1066,иогурт,teos
1067,магнитола,ritmix
1068,,физиотенз
1069,драже,skittles
1070,дрель,зубр
1071,держатель,
1072,сумка,
1073,лосины,
1074,контеинер,вязаное плетение
1075,масло,вологодское
1076,пюре,ролтон
1077,лосины,
1078,лапш,
1079,,димексид
1080,вода,виттель
1081,приложение,
1082,,селлар
1083,маркер,centropen
1084,сливки,любимое
1085,шуруп,
1086,цепь,
1087,батон,лада
1088,футболка,
1089,нить,president
1090,колечки,штурвал
1091,штаны,
1092,набор,attache
1093,краска,##ikkurila
1094,лимонад,
1095,коробка,
1096,лапша,
1097,вода,borjomi
1098,напиток,любимыи
1099,ботинки,
1100,футболка,
1101,браслет,
1102,бисквит,мерендинка
1103,джемпер,arce
1104,грудка,
1105,датчики,hans pries
1106,кух,bosch
1107,кабель,forza
1108,футболка,
1109,,индапамид
1110,корм,китикет
1111,орегано,алтая
1112,бидон,
1113,маика,donella
1114,носитель,
1115,пирожное,милка
1116,,зеленое мыло
1117,рамка,jasmin
1118,масло,белорусскии дом масла
1119,замок,
1120,пальто,
1121,фон,background
1122,полироль,
1123,,кармолис
1124,дюбель,
1125,пенал,what do u
1126,,
1127,пирожное,
1128,батареики,космос
1129,кран,tecno pl
1130,блок,erich krause
1131,гель,фенистил
1132,футболка,
1133,наполнитель,homecat
1134,клеи,секунда
1135,,
1136,печенье,
1137,сухарики,
1138,полотенце,bele
1139,соус,тарсмак
1140,гель,stopproblem
1141,ручкa,
1142,зефир,славконд
1143,ремень,
1144,штаны,
1145,футболка,
1146,сидр,dujardin
1147,розетка,
1148,,
1149,##раска,fara
1150,,abb
1151,футболка,
1152,антифриз,control t
1153,пазл,kinderline
1154,футболка,good day
1155,сухарики,кириешки
1156,снеки,крашбаш
1157,шкату,zara
1158,воск,depiltouch
1159,яицо,
1160,пельмени,змеиногорск
1161,багет,
1162,водка,
1163,туфли,
1164,,монастырская трапеза
1165,термопленка,
1166,колбаса,посоль
1167,сосиски,стародворье
1168,макаронные изделия,просто макароны
1169,болт,
1170,тампоны,
1171,браслет,mars
1172,чехол,nike
1173,автошины,bridgestone
1174,крем,ламизил
1175,шпилька,
1176,крупа,
1177,пирож,милка
1178,,
1179,стул,kayo
1180,мышь,gosi
1181,латте,
1182,шапка,бацькина баня
1183,футболка,
1184,чаи,хеилис
1185,сосиски,стародворье
1186,коллектор,
1187,туфли,rita bravuro
1188,сумка,
1189,котел,kospel
1190,блуза,finn flare
1191,гренки,фишка
1192,,polaroid
1193,мохито,емв
1194,лимонад,сладинка
1195,пакеты,grifon
1196,борщ,
1197,ручка,wolf - garten
1198,маслины,iberica
1199,зефир,
1200,напиток,моя семья
1201,шапка,vulpes
1202,лента,brauberg
1203,спреи,аквас
1204,сосиски,мясницкии ряд
1205,клеи,момент
1206,,
1207,вырезка,
1208,вода,ниагара
1209,,стрепсилс
1210,пуговица,
1211,лонгслив,coccodrillo
1212,пельмени,
1213,чипсы,морпех
1214,маионез,
1215,полотенца,plushe
1216,гироробот,
1217,овощи,4сезона
1218,изолента,smartline
1219,табак,daily hookah
1220,ручкa,stabilo
1221,кастрюля,hitt native
1222,пряники,
1223,кондиционер,вестар
1224,скатерть,барбоскины
1225,,
1226,мастика,топ продукт
1227,зефир,
1228,бюстгальте,
1229,наполнитель,пижон
1230,корм,мнямс
1231,ботопатчи,dizao
1232,вода,fanta
1233,брюки,nina
1234,пельмени,
1235,печенье,частная галерея
1236,подкладки,
1237,герметик,
1238,ключ,pobedit
1239,игрушка,huggeland
1240,скумбрия,
1241,,valberg
1242,шоколад,ritter sport
1243,конструктор,bondibon
1244,десерт,пиканта
1245,еженедельник,
1246,ошеиник,
1247,шампунь,зоовип
1248,резинка,brauberg
1249,саилентблок,rbi toyota
1250,паста,кубаночка
1251,молоко,океи
1252,лапша,лаззат
1253,рыбка,
1254,футболка,
1255,комплект,marks & spencer
1256,саморезы,строибат
1257,спирулина,
1258,саморез,
1259,футболка,
1260,баранка,
1261,брус,
1262,джемпер,n
1263,торт,беикер хаус
1264,полотенце,meandro
1265,болт,roof
1266,перчатки,benovy
1267,носки,
1268,процессор,amd
1269,иогурт,молочник
1270,футболка,
1271,ремень,
1272,носки,komax
1273,корм,шеба
1274,футболка,
1275,примадофилус,примадофи
1276,болт,
1277,джемпер,
1278,котлеты,русскии холод
1279,греипфрут,
1280,календарь,hatber
1281,клеи,зубр
1282,винт,
1283,частьера,
1284,пюре,бабушкино лукошко
1285,корм,kitekat
1286,печенье,хит
1287,блуза,bellart
1288,батончик,петродиет
1289,квадроцикл,
1290,уксус,kuhne
1291,сахар,белыи чехов
1292,пельмени,морозко
1293,толстовка,deha
1294,брошь,
1295,,керисак
1296,конфета,чупа - чупс
1297,портсигар,
1298,кордон блю,кордон
1299,регистратор,
1300,напиток,сладкая страна
1301,круассан,
1302,,гевискон
1303,манжет,
1304,фарш,пелфа
1305,пюре,бизнес меню
1306,уши,деревенское лакомство
1307,тюль,
1308,пельмени,
1309,грунт,живая земля
1310,сервелат,
1311,пельмени,
1312,платочки,ангелина
1313,скатерть,
1314,держатель,
1315,ботинки,admlis
1316,,
1317,набор кистеи,
1318,воблер,tsuyoki
1319,виски,талискер
1320,зефир,love is
1321,пюре,фаустово
1322,саморез,
1323,шоколад,
1324,ракушки,
1325,ручка,boyard
1326,продукт овсяныи,nemoloko
1327,колодки,masuma
1328,свекла,
1329,пропитка,carbon pro
1330,розетка,
1331,фен,delta lux
1332,розетка,
1333,капкеик,
1334,матрас,smart
1335,футболка,strellson
1336,,дантинорм бэби
1337,антифриз,sintec
1338,,
1339,лампа,филипс
1340,эмаль,новбытхим
1341,биточки,гурме
1342,спонж,
1343,пюре,роллтон
1344,скатерть,
1345,морковь,нантская
1346,мыло,
1347,спреи,аквалор
1348,тональное средство,
1349,лимонад,
1350,кисть,korvus
1351,чаи,ява
1352,,снова
1353,клемм,
1354,сок,
1355,наушники,ritmix
1356,,унипласт
1357,шорты,basefield
1358,лонгслив,sela
1359,,sweater
1360,напиток,хугарден
1361,коробка,
1362,мармелад,
1363,паста,safa
1364,спреи,revlon
1365,набор,
1366,авиабилеты,
1367,масло,oro
1368,степлер,colourplay
1369,форма,atmosphere
1370,курсовка,
1371,циркуль,mazari
1372,,
1373,футболка,
1374,эмаль,hammerite sm
1375,пиво,барнаульское
1376,кольцо,
1377,кофе,
1378,вода,пилигрим
1379,пельмени,
1380,спицы,hobby & pro
1381,коляска,babyton
1382,дезодорант,nivea
1383,свитшот,jack & jones
1384,альбом,elc
1385,троиник,
1386,хворост,
1387,лампа,ecola
1388,аптечка,мица
1389,маркер,kores
1390,хлебцы,
1391,мыло,нк
1392,ботинки,
1393,кофе,
1394,пряжа,astra
1395,ручка,stabilo
1396,,jenny fairy
1397,ранец,
1398,носки,гамма
1399,,
1400,коврик,
1401,коробка,tdm
1402,лосины,
1403,молоко,рогачевъ
1404,приправа,аидиго
1405,юбка,rodier
1406,лапша,big bon
1407,набор,
1408,зубная ни,
1409,иогурт,фруате
1410,шестерня,kyocera
1411,гирлянда,
1412,обувь,tommy
1413,вода,крымская столовая
1414,футболка,
1415,футболка,
1416,шуруп,
1417,гирлянда,
1418,капкеик,
1419,коктеиль,чудо
1420,,балтика
1421,футболка,esprit edc
1422,шоколад,ритр
1423,крем,нивеа
1424,шапка,vulpes
1425,шашлык,
1426,ковш,
1427,штопор,gipfel
1428,жимолость,дочь
1429,зажигалка,amatti
1430,выпрямитель,vitek
1431,,макаллан
1432,штаны,
1433,мороженое,kitkat
1434,сыр,добряна
1435,,кордон блю
1436,сухарики,кириешки
1437,билет,
1438,корица,хаас
1439,джемпер,volkl
1440,вино,
1441,,dеcart
1442,коврик,
1443,сланцы,reebok
1444,футболка,
1445,батареики,космос
1446,вино,
1447,,ralf ringer
1448,,
1449,семена,от мартина
1450,батончик,леовит
1451,футболка,cl
1452,держатель,
1453,комплект,ferz
1454,маионез,махеев
1455,повязка,ультрамарин
1456,бульмени,
1457,мыло,карите
1458,сорбет,minime
1459,смартфон,realme
1460,соус,heinz
1461,иогурт,фруате
1462,вентилятор,era
1463,,
1464,сыр,
1465,маионез,
1466,преобразователь,элтранс
1467,косметичка,travel
1468,вода,пилигрим
1469,заглушка,
1470,футорка,
1471,краска,
1472,пряники,
1473,пауланер,
1474,диск абразивныи,практика
1475,торт,baker house
1476,экран,opal
1477,ботинки,bona mente
1478,опора,
1479,авиабилеты,
1480,лимонад,ситрович
1481,скумбрия,
1482,палитра,tnl
1483,,маунтинз
1484,словарь,
1485,футболка,
1486,футболка,
1487,подоконник,
1488,патрубок,
1489,бабочка,rainbowtie
1490,саморез,
1491,кабель,
1492,замок,
1493,рулон,status
1494,драже,скитлс
1495,электрогирлянда,vegas
1496,уход,kerastase
1497,сок,фруто няня
1498,эустома,мариачи
1499,ковш,стоун
1500,мороженое,чистая линия
1501,болт,
1502,шарики,несквик
1503,суп,organic food
1504,,orbit
1505,ободок,
1506,макароны,боттега
1507,суп,приправыч
1508,шаиба,din
1509,духов,electrolux
1510,шампунь,чистая линия
1511,шаиба,
1512,автомат,bimax
1513,футболка,lerros
1514,,балтика
1515,подгузники,pampers
1516,овощи,
1517,обувь,luck
1518,,бавария
1519,пивчики,микоян
1520,сок,фрутоняня
1521,пирог,беикер хаус
1522,футболка,
1523,вода,перье
1524,сверло,cutop
1525,герметик,
1526,саморез,
1527,масло,botavikos
1528,нектар,
1529,латте,де каф
1530,кувалда,
1531,ветровка,
1532,сироп,аскорил
1533,набор для кормления,
1534,гель,холисал
1535,футболка,
1536,футболка,
1537,пряники,
1538,книга,эксмо
1539,переходник,
1540,умывальник,
1541,жевательная резинка,орбит
1542,книжка,
1543,тушь,catrice
1544,шампунь,шамту
1545,муфта,
1546,соус,стебель бамбука
1547,масло,синам
1548,футболка,leiting
1549,рюкзак,misc
1550,помпа,luzar
1551,,be first
1552,батареика,smartbuy
1553,##на,brow xenna
1554,скатерть,
1555,сыр,tirolez
1556,гребешки,
1557,шоколад,
1558,винт,
1559,творог,простоквашино
1560,контеинер,
1561,иогурт,коломенскии
1562,шампунь,хед & шолдерс
1563,зефир,кронштадтская
1564,футболка,swee
1565,электробритва,braun
1566,саморез,
1567,молоко,рогачевъ
1568,гель,
1569,футболка,
1570,пиво,чанг
1571,спецавтобаза,
1572,контеинер,весеннее очарование
1573,розетка,
1574,сок,фруто няня
1575,комплект,zakka
1576,гофрокартон,хатбер
1577,морковь,
1578,кастрюля,
1579,гирлянда,
1580,резинка,кдв
1581,,фрау божья коровка
1582,клубника,анабланка
1583,,
1584,сканворд,
1585,костюм,
1586,бинт,пеха - хафт
1587,,русалочка
1588,футболка,
1589,ботинки,
1590,дюбель,
1591,шаиба,
1592,вино,высокии берег
1593,ботинки,
1594,роутер,
1595,будильник,
1596,печенье,конфектум
1597,,беротек
1598,кофе,
1599,сметана,ростагроэкспорт
1600,кофе,неск
1601,пальто,
1602,батон,сокур
1603,творожныи продукт,кольчугинскии
1604,ниппель,hlv
1605,сметана,большая кружка
1606,багет,
1607,бисер,
1608,лимонад,
1609,фломастеры,
1610,лимонад,радуга
1611,футболка,
1612,шампунь,shamtu
1613,пижама,sladikmladik
1614,средство моющ,qualita
1615,шашлык,
1616,кофе,
1617,вальсакор,вальсакор
1618,обувь,ecco
1619,,
1620,,
1621,ремень,contitech
1622,соус,ласка
1623,редис,аэлита
1624,пирожное,моспекарь
1625,костюм,vizanti
1626,форель,
1627,обувь,luck
1628,шапка,karoza
1629,сверло,
1630,опора,
1631,напиток,рэд
1632,,биглюконат
1633,фильтр,
1634,вино,маркиз де лавидос
1635,мыло,
1636,,
1637,горчица пряжа,алиса
1638,футболка,
1639,линзы,акувьюс
1640,щупальца,
1641,пельмени,
1642,крем,veet
1643,рулетка,
1644,чаи,эвалар
1645,штамп,
1646,переключатель,
1647,палочки,никитка
1648,футболка,loya
1649,соль,славяночка
1650,болт,
1651,набор вилок,
1652,зефир,
1653,футорка,
1654,футболка,
1655,чаиник,bosch
1656,мыло,
1657,сумка,skyway
1658,футболка,cl
1659,сумка,ice play
1660,конфеты,
1661,фильтр,zekkert
1662,сэндвич,орео
1663,футболка,
1664,пюре,сады придонья
1665,контеинер,
1666,сосиски,дымдым
1667,витамин,эвалар
1668,выключатель,хит
1669,арахис,
1670,пенал,
1671,микрофибра,sapfire
1672,соус,darbo
1673,,rich
1674,ремень,
1675,яицо,
1676,миш конфеты,
1677,прокладки,libresse
1678,геотекстиль,экоспан
1679,розетка,demet
1680,сыр,белебеевскии
1681,футболка,
1682,футболка,
1683,скоба,skm
1684,реле,
1685,сигареты,esse
1686,корпус,silverstone
1687,,метипред
1688,махорка,
1689,фисташки,ореховая компания
1690,печь,samsung
1691,пастa,jоvi
1692,форель,
1693,,
1694,,бон аква
1695,футболк,
1696,гель,ла - кри
1697,коктеиль,чудо
1698,ботинки,
1699,шорты,
1700,датчик,iek
1701,водка,легкая любовь и голуби
1702,напиток,любимыи сад
1703,футболка,
1704,яицо,
1705,ботинки,
1706,,нимесил
1707,молоко,
1708,,агрикола
1709,аппликация,lori
1710,табак,
1711,сапоги,
1712,,
1713,творог,простоквашино
1714,соус,
1715,кастрюля,
1716,пирожное,аленка
1717,соиски,стародворье
1718,косметичка,ameli
1719,кофе,
1720,мармелад,крутт
1721,легинсы,ovs
1722,ботинки,
1723,корм,триол
1724,пальто,
1725,джинсы,bikkembergs
1726,перчатки,koto
1727,вода,sno
1728,боди,mentol
1729,кроссовки,kylie
1730,,дирол
1731,футболка,
1732,ликер,бехеровка карловарска
1733,сыр,
1734,болт,
1735,коробка,hegel
1736,торт,конти
1737,трикотаж,fancy
1738,картридж,canon
1739,футболка,
1740,рогалик,вешки
1741,кролик,
1742,саморез,
1743,удлинитель,lux
1744,заклепки,
1745,конфеты,коровка
1746,пиво,карлсберг
1747,,жигулевское
1748,,youup
1749,вода,виттель
1750,,минеральные воды
1751,колечки,штурвал
1752,шоколад,milka
1753,пластилин,lori
1754,пюре,биг ланч
1755,,лаимон
1756,шорты,
1757,футболк,
1758,подоконник,
1759,клеи,момент
1760,фреза,
1761,набор,
1762,болт,
1763,ботинки,
1764,голубика,
1765,саморез,
1766,шаиба,
1767,багет,
1768,,дирол
1769,пастила,сибирскии кедр
1770,уголок,
1771,печенье,
1772,линза,supra
1773,ботинки,
1774,ель,picea omorica
1775,листья,клс рос
1776,ботинки,
1777,пиво,пауланер
1778,рюкзак,
1779,микс,sabrina
1780,зажигалки,fox
1781,джинсы,levi ' s
1782,футболка,
1783,трубки,pop fidget
1784,маш,autogrand
1785,сумка,giuliani
1786,круассаны,chipicao
1787,скумбрия,русское море
1788,штаны,
1789,огурец,верные друзья
1790,,justik
1791,болт,
1792,,джардинс
1793,футболка,
1794,зубная щетка,lion clinica
1795,диадема,
1796,коврик,
1797,скоба,
1798,тесто,уноуно
1799,масло,kixx
1800,ремень,
1801,драже,скиттлс
1802,контеинер,
1803,ручка,
1804,коржик,
1805,сервелат,царицыно
1806,костюм,
1807,футболка,
1808,пряники,мир сладостеи
1809,фильтр,
1810,часы,
1811,кольцо,
1812,шоколад,риттер
1813,салат,хортекс
1814,цепь,
1815,пальто,
1816,футболка,
1817,,
1818,комплект,фирмакс
1819,куртка,concept club
1820,поплавок,бомбарда
1821,носки,komax
1822,капли,афлубин
1823,фильтр,
1824,бюстгальте,marc
1825,гладильная доска,ника
1826,переключатель,swsmrs
1827,топ,zarina
1828,,hitt
1829,замок,samsonite
1830,резинка,орбит
1831,яицо,
1832,лента,brauberg
1833,оксигент,de luxe
1834,ботинки,
1835,молоток,
1836,средство,glorix
1837,маика,umka
1838,форма,
1839,сок,бабушкино лукошко
1840,набор,
1841,переходник,
1842,,
1843,ботинки,
1844,платье,love republic
1845,платье,befree
1846,кофе,
1847,поджарка,
1848,саморез,
1849,паста,кубаночка
1850,игрушка,
1851,грунтовка,оптимист
1852,футболка,
1853,,хеинекен
1854,,триалгин
1855,конфеты,ласпи
1856,ризотто,
1857,метан,
1858,альбом,
1859,пальто,
1860,замок,
1861,зонтик,
1862,презерватив,vizit
1863,футболка,
1864,ремень,
1865,,биглюконат
1866,сухофрукты,азбука вкуса
1867,вода,тбау
1868,линза,pure
1869,жир,
1870,вода,троицкая градо
1871,толстолобик,
1872,футболка,
1873,шпроты,барс
1874,ремень,
1875,линза,
1876,креветка,
1877,боди,
1878,кефир,белыи замок
1879,заглушка,vag
1880,ботинки,
1881,шоколад,ахмад
1882,,эрвик
1883,конфеты,сириус
1884,полуботинк,
1885,,
1886,лампа,philips
1887,конфеты,lindor
1888,набор,
1889,процессор,amd
1890,футболка,
1891,подводка,profactor
1892,средство,чиртон
1893,бутсы,superfly
1894,конфеты,lusso
1895,бандаж,
1896,шаиба,
1897,булочки,люкс
1898,диск,russland
1899,футболка,
1900,прихват,
1901,толстовка,emporio armani
1902,семечки,богучарские
1903,теплоизоляция,energoflex
1904,вода,родники россии
1905,джинсы,
1906,коврик,
1907,шаиба,
1908,кофе,модныи бульвар
1909,батареика,эвереди
1910,,
1911,пиво,старыи мельник
1912,рюмка,grace
1913,печенье,золотои колос
1914,гирлянда,
1915,чаи,эвалар
1916,,
1917,удлинитель,fit
1918,сухарики,
1919,хмель,beervingem
1920,болт,
1921,шланг,elka
1922,овощи,
1923,брюки,colcci
1924,зарядка,flint
1925,,комет
1926,уголь,
1927,батареика,
1928,попкорн,macguffin
1929,кримпер,автоклемм
1930,творог,село зеленое
1931,,роял
1932,подушечки,любятово
1933,саморезы,строибат
1934,угольник,
1935,,орбит
1936,раскраска,
1937,гольфы,acoola
1938,дорожка,entry
1939,авиабилеты,элиста
1940,аквамозаика,
1941,коробка,
1942,вино,мукузани
1943,напиток,любимыи
1944,,
1945,,харвестер
1946,алфавит,добродея
1947,футболка,
1948,рукавица,люблю баньку
1949,спреи,теимурова
1950,плавки,emdi
1951,ботинки,
1952,метан,
1953,,be - kind
1954,замок,
1955,риппер,relax
1956,лимонад,
1957,брюки,overcome
1958,суп,maggi
1959,моива,мои
1960,корм,natures table
1961,хлеб,самотлор
1962,печенье,milv
1963,сыворотка,jm
1964,мороженое,крымские традиции
1965,плот,intex
1966,,сибирское
1967,зубочистки,антелла
1968,соус,карбонара
1969,напиток,classic
1970,,grass
1971,плинтус,korner
1972,,био - баланс
1973,резьбомер,
1974,шуруп,
1975,обувь,inuovo
1976,колено,fvplast
1977,шорты,
1978,галтель,
1979,нитки,gamma
1980,юбка,sinar
1981,приправа,приправыч
1982,повидло,ермак
1983,лапша,
1984,соус,наршараб
1985,скатерть,
1986,раскраска,
1987,соус,heinz
1988,пирог,
1989,ботинки,
1990,полуботинк,kwot
1991,семена,агроуспех
1992,пробка,logan
1993,футболка,desi
1994,диск,vertex
1995,овощечистка,
1996,горчица,главпродукт
1997,саморез,
1998,масло,карламан
1999,семечки,джинн
2000,молоко,тема
2001,гель,henkel
2002,биопрепарат,тамир
2003,рис,жаклин - сюрприз
2004,серьги,
2005,мороженое,nestle
2006,ремень,
2007,водолазка,
2008,дыня,дак
2009,крючок,owner
2010,ботинки,
2011,настоика,первак
2012,крем,global keratin
2013,паутинка,макфа
2014,сковорода,daniks
2015,набор,ани пласт
2016,футболка,mohi
2017,боди,
2018,песок,
2019,кopoбкa,
2020,варежка,airline
2021,печенье,
2022,футболка,
2023,рис,
2024,шуруп,
2025,мармелад,динозавры
2026,блуза,palco
2027,мыло,палмолив
2028,эмаль,decorix
2029,фильтр,
2030,гипсополимер,экопол
2031,сметана,двд
2032,мыло,
2033,саморез,
2034,рамка,
2035,ботинки,ulet
2036,заправка,canon
2037,лакарт,
2038,шапка,mishanka
2039,икра,
2040,халва,
2041,коврик,
2042,кофе,
2043,рис,
2044,лак,
2045,хлеб,рижскии хлеб
2046,заготовка,
2047,футболка,
2048,лампа,koito
2049,анкер,
2050,зубная щетка,neo - ion
2051,соус,стебель бамбука
2052,сельдь,
2053,туфли,paolo conte
2054,кофе,
2055,катушка,daiwa
2056,трикотаж,
2057,герметик,mastix
2058,сланцы,dc shoes
2059,футболка,
2060,напиток,таншанскии
2061,очиститель,kerry
2062,фильтр,vo
2063,конфеты,раффаэло
2064,карандаши,
2065,саморез,
2066,ботинки,
2067,муфта,
2068,контеинер,
2069,варка,redmond
2070,гель,dove
2071,,меновазин
2072,комплект одеяло,
2073,мыло,exxe
2074,фильтр,
2075,мыло,
2076,футболка,
2077,сандалии,сказка
2078,кефир,лосево
2079,ложка,торжество
2080,доска,dogrular
2081,контеинер,лаит
2082,каша,
2083,корщетка,sparta
2084,футболка,
2085,футболка,
2086,приправа,добрыи гном
2087,бульмени,горячая штучка
2088,жвачка,
2089,сырок,тв
2090,фильтр,ag
2091,коробка,
2092,,бон пари
2093,футболка,chelsea
2094,ломтики,
2095,смазка,champion
2096,вода,святои источник
2097,кольцо,анжелика
2098,заглушка,
2099,,красавчик
2100,подоконник,
2101,болт,
2102,вода,ниагара
2103,пакет,азбука вкуса
2104,сушка,
2105,футболка,
2106,джинсы,keep
2107,пуговица,
2108,лапша,
2109,хлеб,челнинскии
2110,свекла,
2111,футболка,
2112,футболка,
2113,посыпки,art of paints
2114,теплоноситель,вертикаль
2115,авиабилеты,уфа
2116,сухари,
2117,листья,
2118,сигареты,esse
2119,масло,mirrolla
2120,цепь,
2121,носки,a passion play
2122,завтрак,nestle fi
2123,карандаши,
2124,розетка,
2125,воды,
2126,бальзам,pantene
2127,поплавок,
2128,шаиба,
2129,рамка,valena
2130,водка,зимняя деревенька
2131,крем,tf
2132,колбаса,рублевскии
2133,леденцы,бобс
2134,орехи,
2135,батон,гурман
2136,дюбель,fus
2137,замок,trodos blister
2138,ремень,
2139,табурет,
2140,косметичка,
2141,кустодержатель,
2142,кокос,
2143,коробка,meiho
2144,пюре,ролтон
2145,трусы,gloria jeans
2146,эмаль,эксперт
2147,выключатель,hegel
2148,сухарики,кириешки
2149,бур,зубр
2150,чипсы,dr. korner
2151,табак,daily hookah
2152,рюкзак,
2153,краска,
2154,нож,apollo kaleido
2155,хлебцы,
2156,болт,
2157,конфеты,клоун
2158,пальто,
2159,освежитель воздуха,
2160,трубка,штоэрман
2161,биоиог,parm
2162,сметана,
2163,скумбрия,сангусто
2164,ботинки,
2165,жевательная резинка,orbit
2166,иогурт,коломенскии
2167,рычаг,mitsubishi
2168,контеинер,juli
2169,дюбель,
2170,,левофлоксацин
2171,футболка,
2172,рукавички,bear
2173,саморез,
2174,палочки,pro mark
2175,,
2176,пуговица,
2177,бочонок,frap
2178,кефир,прасковья молочкова
2179,футболка,
2180,антитополь,lavr
2181,футболка,
2182,пенал,
2183,куртка,nikastyle
2184,мыло,чиртон
2185,,хлорпротиксен
2186,коньяк,киновскии
2187,кофе,chiapas
2188,ремень,
2189,биоиогурт,био - баланс
2190,яицо,
2191,пряники,тульскии сюрприз
2192,удобрение,калии
2193,,сиофор
2194,чип,кракс
2195,,московскии комсомолец
2196,видеокоммутатор,
2197,,
2198,,риттер спорт
2199,вино,
2200,крестики,
2201,брошь,
2202,пирог,бэкер
2203,сливки,коровка из кореновки
2204,яицо,
2205,свекла,
2206,словарь,
2207,замок,
2208,заглушка,
2209,чешки,котофеи
2210,комплект постельного белья,непоседа
2211,гель,клензит
2212,сигареты,донскои табак
2213,контеинер,
2214,текила,трес
2215,сироп,ингавирин
2216,трубочка,пеппапиг
2217,кастрюля,
2218,,isadora
2219,мультивитамины,натуретто
2220,,
2221,пиво,чешскии джбанек
2222,часы,
2223,столовые приборы,nosize
2224,салфетки,inseense
2225,футболка,
2226,винт,
2227,ботинки,
2228,тампоны,прокомфорт
2229,риппер,relax
2230,шапка,sharpey
2231,кронштеин,nissan
2232,винт,
2233,пельмени,
2234,набор,
2235,,jenny fairy
2236,игла,
2237,скатерть,transl
2238,булочка,
2239,коврик,
2240,футболка,
2241,кефир,городецкии
2242,пома,clarins
2243,конфеты,
2244,плитка,
2245,перчатки,crop
2246,колодка,
2247,жимолость,
2248,браслет,
2249,багет,
2250,гирлянда,
2251,кофе,московскии раст
2252,кольцо,
2253,вода,жемчужина
2254,саморез,
2255,вино,древняя тамань
2256,дюбель,
2257,духовои шкаф,bosch
2258,бисер,
2259,мыло,
2260,лампа,ecola
2261,жидкость,sintec
2262,,фабрикант
2263,рулетка,
2264,фильтр,
2265,,бонаква
2266,футболка,
2267,краска,
2268,,kаnzy
2269,держатель,helper
2270,панировка,фарсис
2271,батончик,апельс
2272,ремень,
2273,,
2274,пломбир,сах
2275,клещи,кобальт
2276,нанопласт,нанопласт
2277,бассеин,интекс
2278,штуцер,
2279,,
2280,печенье,флерн
2281,пряники,
2282,перья,знатные
2283,,нимесил
2284,штопор,
2285,вода,святои источник
2286,завтрак,nesquik
2287,иогурт,ритмилк
2288,шашлычок,
2289,бальзам,aromatic sym
2290,рулетка,
2291,медаль,
2292,адаптер,grinda
2293,муфта,волат
2294,куртка,soul
2295,футболка,
2296,латте,
2297,автолампа,narv
2298,костюм,trendyangel
2299,мороженое,краснодарское лакомство
2300,заглушка,сантал
2301,вино,коста
2302,носки,
2303,чешки,котофеи
2304,семечки,джинн
2305,шоколад,chokocat
2306,карамель,рот - фронт
2307,сыр,хохланд
2308,бальзам,carmex
2309,футболка,spri
2310,крючок,owner
2311,пакет,лидер
2312,адаптер,wester
2313,уплотнитель,vag
2314,конфеты,
2315,лосины,
2316,ель,
2317,ботинки,kalliste
2318,вентиль,giacomini
2319,,evln
2320,,виферон
2321,,нэфис
2322,текстовыделитель,hat
2323,зажим,
2324,болт,
2325,соус,
2326,резонатор,
2327,,лоперамид - акрихин
2328,рамка,roya
2329,книга,эксмо
2330,,
2331,молоко,рузское
2332,напиток,ред
2333,,мартин иден
2334,пиво,дуб и обруч
2335,торт,виттория
2336,тетрадь,bg
2337,маркер,tukzar
2338,соус,
2339,напиток,корона
2340,соус,
2341,зраза,
2342,пирожное,
2343,туфли,lavanta
2344,клеи,момент
2345,коврик,coin
2346,бандаж,
2347,футболка,
2348,сырок,три кота
2349,гирлянда,
2350,горелка,
2351,сорочка,elita
2352,скраб,loreal
2353,лимонад,
2354,валик,mixton
2355,кашка,хаинц
2356,опора,
2357,настоика,белебеевская
2358,пуговица,
2359,клеи,супер момент
2360,кистеи,
2361,напиток,любимыи
2362,часы,
2363,пиво,алтаиское
2364,сок,бабушкино лукошко
2365,пупс,
2366,краска,текс
2367,науш,ritmix
2368,блины,сытыи папа
2369,сумка,ever
2370,авиабилеты,элиста
2371,,energizer
2372,арахис,кубань матушк
2373,раскраска,
2374,соединитель,gardena
2375,лампа,ecola
2376,ботинки,
2377,пальто,
2378,кольцо,
2379,,
2380,,orbit
2381,штаны,
2382,конфеты,кдв
2383,хлеб,
2384,полировальник,jeta
2385,карандаш,max factor
2386,зажим,
2387,черпак,тонар
2388,футболка,
2389,тетрадь,calligraphy
2390,крест,
2391,,альпен
2392,контеинер,
2393,масло,слобода
2394,глушитель,daewoo
2395,платье,befree
2396,,elf
2397,винт,
2398,иогурт,малтна - гранат
2399,лоадер,
2400,футболka,
2401,браслет,
2402,патчи,secret key
2403,буженина,
2404,уксус,краснодарочка
2405,лазерофорез,
2406,блок,
2407,,
2408,,
2409,плитка,александрия
2410,гренки,фишка
2411,напиток,азиано
2412,авиабилеты,
2413,батончик,
2414,болт,
2415,мохито,
2416,носки,mademoiselle
2417,сливки,альпенгурт
2418,шуруп,
2419,рамка,
2420,подводка,
2421,карта,
2422,пельмени,
2423,пинцет,сталекс
2424,ножницы,hardax
2425,блины,сытыи папа
2426,корм,китекат
2427,,
2428,трусы,comandor
2429,конфеты,акконд
2430,пряжка,
2431,скатерть,
2432,кольцо,
2433,замена,
2434,ремень,
2435,сигареты,
2436,плавки,anlinli
2437,саморез,
2438,кета,
2439,пленка,oxiss
2440,футболка,
2441,печенье,
2442,свечи,грифон
2443,кольцо,
2444,кофе,нескафе
2445,краскопульт,инстар
2446,рюкзак,adidas
2447,футболка,
2448,пельмени,
2449,дюбель,
2450,ботинки,greenwood
2451,печенье,любятово
2452,купальник,delice
2453,макароны,гранд
2454,дюбель,
2455,,babylook
2456,сыр,
2457,болт,
2458,вода,черныи жемчуг
2459,шуруп,
2460,лопок,
2461,рулетка,armero
2462,сок,миринда
2463,футболка,
2464,повидло,
2465,губка,чистик
2466,скотч,альянс
2467,,alaryk
2468,яицо,
2469,аккумулятор,cameronsino
2470,резина,manns
2471,масло,zic
2472,носки,nike
2473,пальто,naum
2474,пуговица,
2475,удлинитель,
2476,батон,
2477,саморез,bartex
2478,коробка,
2479,##артридж,brother
2480,бумага,iq color
2481,футболка,mars
2482,освежитель воздуха,мелодия аромат
2483,напиток,
2484,саморез,
2485,заклепочник,
2486,обод,sts
2487,молоко,родная любава
2488,кефир,амка
2489,рис,
2490,пальто,
2491,футболка,
2492,шуруп,
2493,трусы,
2494,баф,
2495,футболка,
2496,тетрадь,
2497,сетильник,tango
2498,сметана,сыродел
2499,футболка,
2500,напиток,
2501,спреи,
2502,велосипед,comiron
2503,шуруп,желтопасс
2504,,киндер
2505,кружка,elan
2506,шорты,warehouse
2507,футболка,
2508,маионез,
2509,,pierre cardin
2510,сапоги,ecco
2511,анкер,a - ka
2512,,орбит
2513,ацетилсалициловая кислота,
2514,печенье,desert
2515,фильтр,venza
2516,подушечки,дримис
2517,,стрепсилс
2518,корм,мурчик
2519,творог,село зеленое
2520,лимонад,фанта
2521,футболка,
2522,патрубок,
2523,лампа,ring
2524,гель,лафитэль
2525,краска,cosmo
2526,масло,слобода
2527,молоток,
2528,футболка,
2529,колонка,
2530,прищепки,mol
2531,футболка,
2532,шапка,
2533,туфли,lavanta
2534,,чудновец
2535,,жигули
2536,тетрадь,
2537,,lifelaine
2538,кофе,aroma
2539,шаиба,
2540,соль,русалочка
2541,кесадилья,
2542,пряники,
2543,ошеиник,
2544,кофе,
2545,рис,
2546,маска,лаит
2547,,
2548,нaбоp,
2549,,бонди
2550,контеинер,
2551,водолазка,
2552,батончик,
2553,попкорн,
2554,круасcаны,7 days
2555,средство,аос
2556,муфта,
2557,лен,unipak
2558,полуботинк,dunl
2559,мозаика,aqua
2560,шлифлента,
2561,кеды,vagabond
2562,толстовка,dresspark
2563,приправа,добр
2564,,френдики
2565,велосипед,rush hour
2566,кольцо,
2567,пакет,юпласт
2568,винт,
2569,клеи,stilsy
2570,маионез,
2571,ботинки,
2572,мороженое,снежныи шарик
2573,штуцер,
2574,футболка,
2575,кольцо,
2576,бутыль,дамижана
2577,лампа,
2578,пакеты,маалокс aventis
2579,шапка,befree
2580,штуцер,
2581,фахитос,
2582,солянки,
2583,биточки,
2584,термобрашинг,dewal
2585,губка,domi
2586,пиво,два бобра
2587,сыворотка,kerastase
2588,зажигалки,рене
2589,футболка,
2590,футболка,
2591,сухарики,кириешки
2592,корм,
2593,мыло,хозяист
2594,##раска,gliss kur
2595,сосиски,ядрена копоть
2596,болт,
2597,грудка,заречнев
2598,минтаи,
2599,ковер,isolon
2600,,
2601,болт,зубр
2602,болт,
2603,удлинитель,
2604,заглушка,
2605,альбом,
2606,лонгборд,eastcoast
2607,напиток,
2608,гроб,
2609,навага,
2610,вода,святои источ
2611,саира,доброфлот
2612,,жигулевское
2613,футболка,
2614,плитка,феррогематоген
2615,гренки,фишка
2616,,
2617,босоножки,
2618,фильтр,
2619,футболка,bar logo
2620,подводка,thermofix
2621,реле,
2622,крепление,
2623,страховка,
2624,печенье,белочка
2625,трусы,
2626,болт,
2627,тирамиссу,
2628,морковь,
2629,батончик,карам
2630,футболка,
2631,кукуруза,луговица
2632,жидкость,kores
2633,,стрепсилс
2634,винт,zn
2635,футболка,
2636,сок,фруто няня
2637,регулятор,
2638,рулетка,
2639,значок,
2640,##раска,silver
2641,молоко,каменскии
2642,беруши,moldex
2643,винт,
2644,икра,
2645,футболк,
2646,ботинки,
2647,футболка,
2648,гирлянда,
2649,костюм,huntsman
2650,элемент питания,
2651,жевательная резинка,ватсап
2652,бахилы,
2653,дезодорант,beauty
2654,выключатель,werkel
2655,ошеиник,
2656,килька,keano
2657,коктеиль,чудо -
2658,свеча зажигания,quicksilver
2659,хлебцы,маретти
2660,брикет,кум - ваня
2661,ремень,
2662,винт,
2663,сахар,жарвис
2664,конфеты,бостани
2665,пельмени,
2666,носки,вальс
2667,сцепление,krafttech
2668,,
2669,приправа,добрыи гном
2670,паштет,мяснои союз
2671,батареики,koda
2672,футболк,
2673,,
2674,соус,taot
2675,ботинки,
2676,мороженое,гроспирон
2677,маионез,mr
2678,селедочка,русское море
2679,карамель,
2680,кефир,веселыи молочник
2681,футболка,
2682,элеутерококк,вифи
2683,спреи,дав
2684,растение,
2685,батон,русскии хлеб
2686,cыр,пестровка
2687,билет,
2688,кета,
2689,перчатки,benovy
2690,смесь,bravolli
2691,скатерть,
2692,ракетка,
2693,жакет,only
2694,авиабилеты,сочи
2695,блок,
2696,шампунь,head & shoulders
2697,переключатель,ekf
2698,боди,
2699,футболк,
2700,уринарии,
2701,биточки,
2702,уголь,darkside
2703,коробка,хегель
2704,краска,deco motip
2705,каша,яянестле шагаика
2706,булочки,
2707,батареика,g
2708,ремень,contitech
2709,печень,беринг
2710,набор,beriotti
2711,болт,
2712,овощи,
2713,пельмени,
2714,крекер,восточная забава
2715,земляника,роман
2716,крючок,prym
2717,брюки,leon
2718,,ты коровка
2719,,ваит лаин
2720,батончик,даежь
2721,паста,brozex
2722,коробка,ekf
2723,обувь,tommy
2724,паста,пародонтол
2725,табурет,экотекс
2726,боди,
2727,футболка,
2728,лапша,вантуккон
2729,лосины,
2730,зубная щетка,oral - b
2731,аскорбин,гуд корн
2732,нектар,сочная долина
2733,линолеум,glamour barbary
2734,конфеты,кдв
2735,напиток,солар
2736,подшипники,лада
2737,футболка,
2738,сироп,нормомед
2739,футболка,
2740,соус,
2741,мыло,
2742,закладки,
2743,пельмени,русские
2744,леска,
2745,платье,loreal
2746,раскладка,
2747,ботинки,
2748,сигарета,pop
2749,,hqd
2750,гирлянда,
2751,сыр,ширак кат
2752,мука,макфа
2753,футболка,chalaca
2754,футболка,
2755,ведро - туалет,
2756,масло,золотеево
2757,комбинезон,geburt
2758,футболка,
2759,,целебрекс
2760,альбом,
2761,дезодорант,нивея
2762,дюбель,
2763,футболка,
2764,штаны,
2765,футболка,
2766,кольцо,twist
2767,шорты,tommy hilfiger
2768,ресивер,mpow
2769,браслет,
2770,бандана,buff
2771,патчи,ми - ри
2772,футболка,just cavalli
2773,чаи,ява
2774,набоp,lori
2775,невидимки,dewal
2776,одеяло,
2777,поворот,элекор
2778,шорты,hailey
2779,масло,semperit
2780,крем,пантенол
2781,свитер,sela
2782,мясорубка,мастерица
2783,хлеб,рус
2784,напиток,аиран
2785,бекон,омскии бек
2786,шапка,
2787,браслет,
2788,носитель,
2789,,василеостровское
2790,хлеб,
2791,резинка,
2792,сыр,hochland
2793,изолента,
2794,труба,phaser
2795,пряники,аге
2796,футболка,
2797,сосиска,рона
2798,маска,
2799,,минибагет
2800,болт,
2801,морс,добрыи
2802,,
2803,,олимп
2804,свекла,
2805,конфеты,рафаэлло
2806,орех,
2807,сельдь,матиас
2808,,elitech
2809,термошаиба,novattro
2810,пускатель,sassin
2811,вино,сан рисано
2812,пульсоксиметр,
2813,трикотаж,
2814,обувь,calvin kl
2815,креветка,
2816,рубашка,cegisa
2817,гель для душа,chanel
2818,минтаи,
2819,пельмени,
2820,кран,arco
2821,мыло,палмалив
2822,рис,грандорф
2823,фигурка,игроленд
2824,тунец,beerka
2825,кольцо,
2826,банеоцин,банеоцин
2827,салфетки,lotti
2828,зефир,
2829,shirt,
2830,ежевика,сомерсби
2831,сверло,зубр
2832,коробка,
2833,,
2834,форель,
2835,,
2836,линолеум,insbruk
2837,шприц,фраксипарин
2838,контеинер,
2839,куртка,tommy hilfige
2840,бандаж,комф - орт
2841,болт,
2842,фильтр,solaris
2843,ватные диски,белла
2844,сыр,хох
2845,кофе,флэт
2846,поп - корн,
2847,легинсы,
2848,кофе,нескафе
2849,водонагреватель,
2850,котлеты,сытоедов
2851,масло,gazpromneft
2852,плинтус,glanzepol
2853,соус,hein
2854,фильтр,sakura
2855,шпильковерт,автом
2856,,рот фронт
2857,пальто,патрисия
2858,салатник,
2859,чепчик,
2860,авиабилеты,
2861,поло,fire ear
2862,рулет,сдобная особа
2863,водка,
2864,ремень,
2865,,русскии размах
2866,молоток,fresh
2867,крепление,
2868,бахилы,
2869,манжет,снежи
2870,выключатель,
2871,вода,vittel
2872,перфоратор,pit
2873,домик,huggeland
2874,болт,
2875,медовик,
2876,пазл,
2877,муфта,
2878,фильтр,
2879,гель,аура
2880,гель,виферон
2881,жидкость,wirek
2882,брюки,soul
2883,альбом,
2884,сыр,
2885,смесь,белая дача
2886,паста,
2887,контеин,
2888,цепь,
2889,заглушка,
2890,семена,аэл
2891,уголок,
2892,манник,
2893,маффины,
2894,лампа,narva
2895,футболка,
2896,зефир,рошель
2897,балетки,principe di bologna
2898,авиабилеты,
2899,футболка,cros
2900,шарик,
2901,сахар,лучик
2902,резинка жевательная,orbit
2903,коврик,molle
2904,реле,
2905,футболка,
2906,творожок,карат
2907,пельмени,
2908,сумка,mascotte
2909,гель,
2910,бальзам,la roche - posay
2911,молоко,алексеевское
2912,рукавица,
2913,пленка,проффито
2914,коробка,
2915,тутор,
2916,батончик,take a bite
2917,икра,санта бремор
2918,скатерть,
2919,мороженое,вологодскии пломбир
2920,спред,вкусное утро
2921,марципан,niederegger
2922,куртка,rega
2923,напиток,флеш ап
2924,ведро,martika
2925,водка,зимняя деревенька
2926,лампа,philips
2927,удобрение,
2928,кружка,speckled
2929,фотобарабан,cactus brother
2930,лимонад,
2931,джеггинсы,befree
2932,имбирь,засолыч
2933,база,bloom
2934,прокладки,
2935,,фелин
2936,лампа,philips
2937,форма,
2938,,кубань - матушка
2939,батарея,camelion
2940,жакет,lame de femme
2941,,ципла
2942,,ингарон
2943,кольцо,
2944,перец,камис
2945,овощи,
2946,саморез,шаг
2947,форма,
2948,шампунь,чистая линия
2949,биоиогурт,биомакс
2950,саморез,
2951,счетчик,
2952,сметана,можга
2953,футболка,
2954,кольцо,
2955,кофе,zest
2956,датчик,пекар
2957,стельки,grangers insoles
2958,футболка,
2959,,очаковскии
2960,эмаль,decorix
2961,носки,гамма
2962,саморез,
2963,лимонад,
2964,баунти,
2965,щетка,pg
2966,кресло,siger
2967,творожник,
2968,коньяк,киновскии
2969,кесадилия,
2970,футболка,
2971,вода,святои источник
2972,,мак мастер
2973,скатерть,
2974,манго,
2975,шарошка,абра
2976,винт,
2977,маионез,провансаль
2978,мелки,гамма
2979,грудка,jack daniels
2980,эскимо,чистлиния
2981,боди,findik
2982,авиабилеты,
2983,футболка,
2984,соус,стебель бамбука
2985,дюбель,
2986,сыр,село зеленое
2987,супчик,
2988,ремень,
2989,скатерть,
2990,фиксатор,фоста
2991,робот,
2992,конфеты,золушка
2993,румяна,clarins
2994,пряник,
2995,соус,холодушка
2996,лазанья,
2997,раскраска,умка
2998,фильтр,goodwill
2999,светильник,
3000,засов,domart
3001,вода,славда
3002,напиток,любимыи
3003,футболка,
3004,контеинер,
3005,легинсы,
3006,,гербастресс
3007,,немулекс
3008,коктель,чудо
3009,подсластитель,rio gold
3010,помада,evo пантенол
3011,альбом,хат
3012,футболка,
3013,гель,chirton
3014,печенье,
3015,,orbit
3016,шеикер,
3017,слив,laro
3018,салфетки,sca
3019,эликсир,страда
3020,пипеткa,
3021,виски,джек
3022,паста,новыи жемчуг
3023,круассаны,7 дэис
3024,ломтики,
3025,гель,комет
3026,ошеиник,геогазтехнология
3027,яицо,
3028,замок,
3029,болт,
3030,сухарики,
3031,экстракт,
3032,сумка,roxy
3033,мороженое,pin & vin
3034,,decoris
3035,шуруп,
3036,карандаш,berlingo
3037,,hairdorables
3038,сыр,
3039,разъемы,
3040,карамель,halls
3041,леска,sufix
3042,багет,
3043,цепь,
3044,иогурт,валио
3045,дюбель,
3046,дюбель,чапаи
3047,футболка,
3048,растишка,растишка
3049,трусы,emporio armani
3050,пиво,мельник
3051,раскраска,
3052,шуруп,
3053,набор к,
3054,палочки,амра
3055,плавки,pimkie
3056,творог,овк
3057,сыр,хохланд
3058,гpавюрa,lori
3059,саморез,
3060,эскимо,золотои стандарт
3061,ремень,
3062,фильтр,гура
3063,футболка,
3064,,левофлоксацин
3065,мыло,
3066,колеровка,parade
3067,футболка,elaria
3068,перчатки,beno
3069,,вдохновение
3070,,big village
3071,пломбир,козел
3072,брюки,artie
3073,карандаш,berlingo
3074,гофра,mcalpine
3075,сухарики,кириешки
3076,виски,джемесон
3077,,аспаркам
3078,конверт,
3079,,вагилак
3080,форель,
3081,альбом,
3082,винт,
3083,лимон,
3084,будильник,
3085,мохито,
3086,кекс,
3087,мыло,
3088,шоколад,риттер
3089,коронка,зубр
3090,бахилы,
3091,фильтр,toyota nipparts
3092,,гурмет
3093,краб,
3094,спонж,юниlook
3095,шоколад,риттер
3096,гирлянда,
3097,футболка,
3098,,престанс
3099,подшипник,nsk
3100,пазлы,steppuzzle
3101,иглы,сфм госпиталь
3102,,
3103,беисболка,stetson
3104,маионез,мжк
3105,футболка,
3106,зубная паста,
3107,икра,
3108,пальто,
3109,пластырь,sfm
3110,колготки,teatro
3111,бальзам,нивея
3112,топперы,promtex
3113,,biscotto
3114,контеинер,мир детства
3115,маска,berrisom
3116,маска,ciracle
3117,светильник,admit
3118,кольцо,
3119,кольцо,
3120,смартфон,apple
3121,скумбрия,
3122,салфетки,памперино
3123,спреи,креасептин
3124,болт,кла
3125,коробка,hegel
3126,банка,
3127,футболка,
3128,коврик,highlands
3129,саморез,
3130,выключатель,
3131,шоколад,победа
3132,футболка,
3133,,бил
3134,индикатор,jtc
3135,футболка,
3136,ботинки,
3137,морская водоросль,takemura
3138,ковш,
3139,флис,min siberia
3140,кольцо,
3141,эскимо,радуга
3142,болт,
3143,футболка,lyopic
3144,цепь,
3145,пиво,лэдельвеис
3146,биоиогурт,altero
3147,сыр,
3148,ремень,
3149,,nokian nordman
3150,напиток,
3151,шоколад,
3152,боржоми,боржоми
3153,футболка,
3154,фильтр,
3155,сырок,свитлогорье
3156,моика,ulgran
3157,грудки,
3158,пиво,горьковское
3159,саморез,
3160,форель,
3161,тимьян,thymus
3162,поильник,twistshake
3163,шампунь,nivea
3164,,акваминерале
3165,джинсы,wran
3166,грунтовка,оптимист
3167,лонгслив,coccodrillo
3168,икра,spar
3169,съемник,rockforce
3170,шоколад,кит кат
3171,носки,power stretch
3172,футболка,
3173,суп,ноноксинол
3174,трикотаж,basic
3175,фисташки,
3176,пломбир,вологодскии пломбир
3177,сыворотка,martiderm
3178,контеинер,
3179,аксессуар,
3180,,стиллавит
3181,икра,белгородские овощи
3182,дрожжи,рекорд
3183,ель,
3184,дезодорант,nive
3185,значок,
3186,брошюра,
3187,чаи,
3188,футболка,
3189,комплект,marks & spencer
3190,,чистая линия
3191,свитер,tony
3192,коврик,
3193,яицо,
3194,гематоген,
3195,кукла,игроленд
3196,болт,
3197,грунт,унив
3198,скоба,
3199,сливки,сноуприма
3200,,плавыч
3201,рогожка,
3202,кофе,коломбо
3203,сок,тихвинскии уездъ
3204,карамболь,
3205,маика,coma
3206,одеяло,
3207,шуруп,
3208,упаковка,эра
3209,саморез,
3210,держатель,
3211,рюкзак,
3212,переключатель,
3213,датчики,stellox
3214,крышка,jenna
3215,переходник,
3216,профнастил,
3217,молоко,rioba
3218,дырокол,quadro
3219,лопатки,cupa lapa
3220,палетка,huda
3221,оливки,iberica
3222,опрыскиватель,
3223,,аис
3224,изолента,барнаул
3225,сок,фруто няня
3226,реле,
3227,футболка,
3228,брюки,demix
3229,бки,
3230,ботинки,dr. martens
3231,удлинитель,
3232,ветровка,
3233,обувь,maison dav
3234,фикус,ficus
3235,плитка,каскад
3236,мелки,гамма
3237,футболка,
3238,пружина,реалист
3239,шнур,power
3240,молоток,
3241,мыло,
3242,пирожное,аленка
3243,паста,астраханская
3244,сланцы,tingo
3245,пиво,факс
3246,снеки,
3247,стик,парламент
3248,цепь,
3249,пюре,лукошко
3250,футболка,
3251,футболка,edc
3252,моика,iddis
3253,футболка,
3254,конфет,джели
3255,цепь,
3256,кукуруза,
3257,каша,
3258,грунт,
3259,плед,велсофт
3260,лео,леонардо
3261,крепп,klebebander
3262,ошеиник,
3263,сыр,хохланд
3264,контеинер,
3265,рожок,
3266,крючок,owner
3267,сыр,альметте
3268,носки,fute
3269,щетка,мартика
3270,шапка,
3271,болт,имбус
3272,шоколад,ritter sport
3273,напиток,блеизер
3274,футболка,okla
3275,,буре
3276,сок,сады кубани
3277,испаритель,vcan
3278,бюстгальтер,emporio armani
3279,раскраска,
3280,яицо,
3281,рубероид,
3282,зефир,славконд
3283,жидкость,wtf
3284,молоко,молочная страна
3285,полотно,
3286,футболка,
3287,гренки,штурвал
3288,гриль,
3289,перчатки,fight expert
3290,молоток,
3291,,
3292,топ,focus
3293,холодец,
3294,бандаж,
3295,короб,cleanelly
3296,,буратино
3297,ботинки,
3298,билет,
3299,ботинки,тофф
3300,пюре,
3301,футболка,kail
3302,мороженое,
3303,конфеты,
3304,морковь,
3305,батончик,кит кат
3306,ремень,
3307,хомут,fit
3308,,банеоцин
3309,салфетка,avs
3310,коврик,shah
3311,заглушка,зубр
3312,резинка,
3313,колготки,pier
3314,ремень,
3315,ботинки,thomas munz
3316,коктеиль,чудо
3317,соус,педигрии
3318,колгот,omsa
3319,штуцер,belamos
3320,тирамису,
3321,шампунь,сила
3322,мармелад,бон пари
3323,костюм,adidas
3324,крышки,уралочка
3325,водолазка,
3326,эмаль,decorix
3327,,кириешки heinz
3328,смеситель,calorie
3329,молоко,пестравка
3330,перфект,перфект
3331,водолазка,
3332,,
3333,пончики,
3334,часы,
3335,батончик,фруто няня
3336,стакан,dewal
3337,пальто,
3338,кофе,cremesso
3339,джемпер,so chic
3340,футболка,
3341,футболка,
3342,круасаны,дэис
3343,аиран,аиран
3344,ботинки,
3345,пирожное,джованни
3346,пружина,makita
3347,напиток,голден
3348,сверло,хаизер
3349,пакеты,экодом
3350,палочки,aura
3351,цукаты,
3352,замок,
3353,тампоны,o.
3354,грунтовка,проникн
3355,джемпер,mango
3356,мазь,акрихин
3357,манжета,
3358,коврик,roya
3359,кофе,paulig
3360,,goozeberry
3361,,фуросемид
3362,торт,бакер
3363,скотч,nova roll
3364,угол,elsi
3365,игровои набор,
3366,молоко,рогачевскии
3367,мармелад,бон пари
3368,мыло,
3369,ванна,хаиба
3370,рамка,
3371,,
3372,ручкa,stabilо
3373,яицеварка,taller
3374,резонатор,
3375,,парламент
3376,линолеум,hantli
3377,перчик,самобранка
3378,,рефрешерс
3379,сосиска,
3380,миксер,staier
3381,комплект,mothercare
3382,наклеика,
3383,цепь,
3384,браслет,
3385,пряники,кашин
3386,шарики,leonardo
3387,сыр,сливки общества
3388,бренди,grand of lords
3389,напиток,milkis
3390,иогурт,вмк
3391,форма,marv
3392,,синеборье
3393,мазь,бетаметазон
3394,бальзам,родники сибир
3395,эмаль,skladno
3396,пельмени,мясшарики морозко
3397,болт,
3398,ремень,
3399,коврик,floor mat
3400,карандаш,berlingo
3401,,аквалор
3402,сбор,столбушинскии
3403,ботинки,
3404,ручка,иошкар
3405,ботинки,
3406,компрессор,
3407,клеи,момент
3408,брюки,zara
3409,колбаса,вкусно так
3410,книжка,
3411,штрудлики,полет
3412,пряники,ветли
3413,чистящее средство,адрилан
3414,футболка,
3415,толстовка,
3416,каша,
3417,ручка,attache
3418,лимонад,
3419,,стрепсилс
3420,футболка,united colors of benetton
3421,футболка,
3422,саморез,
3423,ботинки,
3424,вода,vittel
3425,твороженная масса,дмз
3426,кружка пиво,
3427,скотч,урал
3428,рельс,
3429,салфетки,spa
3430,джинсы,isa
3431,конвектор,edisson
3432,молоко,aroy - d
3433,футболка,
3434,саморез,
3435,,риттер
3436,профнастил,гарант
3437,кольцо,
3438,скотч,abro
3439,брынза,
3440,футболка,
3441,держатель,selection
3442,сыр,хохланд
3443,еики,
3444,футболка,
3445,болт,
3446,шампунь,3рана
3447,футболка,
3448,масло,eneos
3449,мармелад,бон пари
3450,кроссовки,john richmond
3451,,maisels weisse
3452,футболка,
3453,апельсин,
3454,,аос
3455,сверло,зубр
3456,зеркало,
3457,игpa,
3458,крест,
3459,,
3460,батончик,
3461,шаиба,
3462,брюки,virsacc
3463,напиток,фрутомотив
3464,комод,
3465,толстовка,asic
3466,футболка,
3467,грудка,империя торговыи дом
3468,подпяточник,luomma
3469,ремень,gates
3470,масло,
3471,,
3472,полус,
3473,трусы,orob
3474,,duft
3475,кирка,ремоколор
3476,платье,mango
3477,вино,сканавино
3478,кассеты,bic
3479,каша,##брусникамед
3480,акустика,ground zero
3481,,ineo
3482,футболк,
3483,муфта,
3484,контеинер,
3485,кольцо,
3486,шаиба,
3487,сыр,костромскои
3488,кукуруза,агр
3489,удлинитель,
3490,лакомство,мнямс
3491,сачок,
3492,водка,высшее сословие
3493,порошок,dosia
3494,чебуреки,горячая штучка
3495,шнурок,
3496,,pril
3497,печенье,любятово
3498,,graceland
3499,мороженое,почемучка
3500,клеи,nmc
3501,пончики,
3502,конверт,hama
3503,чаи,ассам
3504,,
3505,футболка,твое
3506,краска,роскошь
3507,спре,лазолван
3508,карабин,wbg
3509,пальто,
3510,пломбир,чистая линия
3511,носки,clever
3512,сыр,дружба
3513,,троксевазин
3514,фильтр,camry
3515,петля,boyard
3516,штаны,
3517,форель,из садка
3518,апельсин,
3519,ошеиник,
3520,рубашка,mango
3521,напиток,любимыи
3522,леденцы,холлс
3523,картофелечистка,tefal
3524,ботинки,
3525,сосиски,владимирские
3526,раскраска,
3527,перчатки,benovy
3528,конфеты,sugar free
3529,,кетотифен
3530,саморез,
3531,болт,
3532,футболка,
3533,винт,
3534,,
3535,ботинки,thomas munz
3536,,жигулевское
3537,кольцо,
3538,ручка,boyard
3539,батареики,dura
3540,юбка,sinar
3541,пряники,
3542,биоиогурт,эконива
3543,колодка,
3544,эскимо,жемчужина россии
3545,ветчина,столичная вязанка
3546,пуловер,rinascimento
3547,шнур,jigline
3548,комплект,donella
3549,ботинки,
3550,,реми леруа
3551,брус,
3552,,экомед
3553,футболка,
3554,грунт,
3555,,круммелур
3556,контеинер,
3557,торт,
3558,рюкзак,
3559,футболка,
3560,мята,orbit
3561,грызун,
3562,футболка,
3563,сухарики,кириешки
3564,мыло,
3565,масло,unil
3566,сыр,whitecheese
3567,конфет,pral
3568,шампунь,gentleman
3569,торт,baker house
3570,краситель,cake colors
3571,щетка,
3572,гематоген,доктор нутришин
3573,шампунь,давинес
3574,зефир,
3575,сок,фруто - няня
3576,сельдь,матиас
3577,монитор,aopen
3578,болт,
3579,пена,арко
3580,термостакан,nestle
3581,ошеиник,
3582,грунт - выравниватель,reoflex
3583,реика,iek
3584,разветвитель,uniel
3585,коврик,уют
3586,куртка,quiksilver
3587,водолазка,твое
3588,кофе,mocaccino
3589,,меновазин
3590,,jenny fairy
3591,скетчбук,maxgoodz
3592,фунчоза,
3593,легинсы,
3594,мороженое,
3595,икра,смак
3596,платье,vulpes
3597,отруби,гудвилл
3598,краска,
3599,закуска,дядя ваня
3600,coat,dietmar
3601,опора,
3602,биоигурт,био - баланс
3603,колено,
3604,листья,
3605,циркуль,berlingo
3606,пиво,факс роял
3607,реле,
3608,гладильная доска,ника
3609,футболка,nort
3610,фильтр,kia sportage
3611,ящик,blocker
3612,футболка,
3613,покрывало,
3614,сухари,изюминка
3615,футболка,
3616,краска,lorvenn
3617,свет,ecola
3618,колбаска,эделькет
3619,стеик,филипп
3620,,коно
3621,корректор,officespace
3622,,ессентуки
3623,напиток,рэд бул
3624,рулетка,
3625,футболка,
3626,вино,арриведерчи
3627,полироль,bbf
3628,ободок,gj
3629,топ,твое
3630,футболка,fm
3631,печенье,чоко
3632,контеинер,биом
3633,платье,gloria jeans
3634,мыло,
3635,уши,
3636,фломастеры,
3637,дюбель,
3638,ободок,
3639,вантус,
3640,поло,boss
3641,,
3642,,
3643,краска,pt
3644,футболка,
3645,соус,хаинц
3646,фуфаика,construe
3647,контеинер,
3648,кроссовки,timejump
3649,футболка,
3650,кофе,нескафе
3651,футболка,nike
3652,морковь,лосиноостровская
3653,тапочки,de fonseca
3654,,парламент
3655,ботинки,
3656,конфеты,
3657,яицо,
3658,соломка,beerka
3659,гель,jo
3660,вода,камчатские воды
3661,спатифиллум,спатифиллум
3662,зефир,
3663,чаи,ассам
3664,ломтики,maretti
3665,фузоpы,
3666,футболка,
3667,футболка,
3668,футболка,
3669,снуд,ferz
3670,анкер,
3671,камера,microsoft
3672,трансформатор,
3673,драже,jelly belly
3674,сметана,росагро
3675,шоколад,дав
3676,,
3677,зеркало,континент
3678,коробка,
3679,водка,
3680,легинсы,
3681,косметичка,
3682,печенье,
3683,,капкеик
3684,иог,
3685,салфетки,домашнии сундук
3686,футболка,
3687,метан,
3688,платье,gap
3689,драже,климонорм
3690,сыр,альметте
3691,шприц,pascal
3692,витамины,фруттилар
3693,губка,master fresh
3694,штангетки,nike
3695,саморез,
3696,жилет,rinascimento
3697,боксеры,
3698,зеркало,
3699,кардиган,
3700,сырок,снеда
3701,пальто,
3702,пюре,бабушкино лукошко
3703,туфли,kulada
3704,форма,
3705,ель,
3706,форма,
3707,кольцо,
3708,ботинки,
3709,водолазка,
3710,саморез,
3711,носки,kawaii factory
3712,,
3713,пюре,биг ланч
3714,,mr. paintеr
3715,крышка,tescoma
3716,футболка,hunter
3717,куртка,airfield
3718,футболка,
3719,драже,скиттлис
3720,футболка,
3721,,ес
3722,обложка,infolio
3723,драже,беиби
3724,футболка,
3725,получулки,гамма
3726,ковш,
3727,резьбомер,
3728,футболка,
3729,штаны,
3730,угольник,
3731,прокладки,либресс
3732,шеикер,steel power
3733,штуцер,
3734,крючки,fanatik
3735,латте,
3736,трафареты,djeco
3737,футболка,
3738,кроссовки,moreschi
3739,платье,conso
3740,,heinz
3741,крепление,
3742,футболка,
3743,,
3744,напиток,карми
3745,подгузники,goon
3746,ручка,chuang mei
3747,сумка,coccinelle
3748,футболка,
3749,книга,эксмо
3750,штуцер,valtec
3751,масло,олеос
3752,икра,санта бремор
3753,элемент питания,energizer
3754,заглушка,sinikon
3755,трикотаж,
3756,кольцо,
3757,бумага,lumi silk
3758,скатерть,
3759,браслет,
3760,замок,stg
3761,сыр,хохланд
3762,коробка,
3763,нектар,фруктовыи сад
3764,,актовегин
3765,напиток,баикал
3766,батон,
3767,,
3768,краска,
3769,леденцы,muntons
3770,джемпер,
3771,толстолобик,пять мореи
3772,азбука,
3773,футболка,
3774,кофе,marcony
3775,футболк,
3776,вино,
3777,,нимулид
3778,,элькар
3779,конфеты,особыи
3780,ананасы,кормилица
3781,шоколад,крымские
3782,мешок,grizzly
3783,платье,
3784,пальто,
3785,болт,
3786,болт,
3787,резинка,
3788,сосиски,
3789,платье,berry
3790,тренажер,
3791,дюбель,
3792,носки,командор
3793,футболка,
3794,корщетка насадка,
3795,сорочка,
3796,батон,георгиевскии
3797,,sandals
3798,футболка,
3799,орхидея,
3800,соус,
3801,покрышка,wanda
3802,яицо,
3803,мешки,meule
3804,саморез,
3805,футболка,
3806,,little one
3807,вода,чажемто
3808,ребрышки,
3809,масла,shell
3810,футболка,
3811,соус,
3812,антиперспирант,rexona
3813,альбом,
3814,,нивея
3815,шашлык,
3816,ножницы,юнландия
3817,закладки,dev
3818,иогурт,риттер
3819,футболка,mang
3820,контеинер,
3821,футболка,
3822,траумель,
3823,футболка,
3824,муфта,
3825,,
3826,игрушка,hasbro
3827,гель - лак,vogue nails
3828,боди,
3829,,energizer
3830,икра,
3831,колготки,
3832,болт,имбус
3833,футболка,
3834,пиво,карлсберг
3835,ботинки,
3836,дюбель,
3837,,посиделкино
3838,шампанское,какаду
3839,кольцо,доглаик
3840,комплектнении,ford
3841,маркер,centropen
3842,корм,dreamies
3843,браслет,
3844,вино,кубань
3845,совок,ferplast
3846,,крымская ривьера
3847,набор маникюрныи,
3848,штаны,
3849,масло,luxe
3850,куртка,outventure
3851,пюре,лукошко
3852,фипристт,фиприст
3853,,
3854,lips,dream lips
3855,сушки,компас здоровья
3856,уголь,
3857,кефир,золотые луга
3858,футболка,
3859,,lasocki
3860,,фаирстоун
3861,,halls
3862,будильник,
3863,обувь,tommy
3864,попкорн,корин
3865,коньяк,сараджишвили
3866,футболка,
3867,,цетрин
3868,фильтр,
3869,чаи,эвалар
3870,зефир,
3871,краги,
3872,краска,тинта
3873,саморез,
3874,сигареты,chapman
3875,хлебцы,фитнес
3876,коврик,
3877,подушечки,dreamies
3878,маркер,мастералмаз
3879,коврик,
3880,слипоны,ralf ringer
3881,чипсы,доширак
3882,браслет,
3883,сыр,
3884,конфеты,
3885,молоко,коровка из кореновки
3886,рубашка,borrelli
3887,водолазка,
3888,конфеты,ярославская птичка
3889,огурцы,лукашинские
3890,драиф,drive
3891,,parliament
3892,мармелад,фруттелла
3893,,легенды крыма
3894,килька,белыи кит
3895,колбаса,микояновскии мк
3896,фильтр,камаз
3897,ремень,
3898,молоко,коровка из коренов
3899,напиток,моя семья
3900,##кольцо,
3901,футболка,
3902,полотенце,familia
3903,футболка,
3904,кофе,нескафе
3905,тональное средство,тен идоль
3906,гренки,фишка со
3907,папка,брауберг
3908,футболка,edc
3909,коляска,babyton
3910,гирляндa,
3911,толстовка,elis
3912,леденцы,бобс
3913,герметик,hauser
3914,консерв,амурр
3915,яицо,уссурииское
3916,коврик,floortex
3917,легинсы,
3918,изолента,
3919,леска,патриот
3920,обводка,
3921,мушка,
3922,водка,очаково
3923,коктеиль,
3924,ароматизатор,new galaxy
3925,пельмени,
3926,вода,дисаид
3927,зонт,
3928,балычки,шнеллер
3929,мармелад,maxmallows
3930,крем,cerave
3931,горелка,
3932,носки,гамма
3933,перчатки,rex
3934,покрышка,wanda
3935,конфеты,шоколатье
3936,саира,доброфлот
3937,жевательная резинка,орбит
3938,попкорн,show time
3939,купорос,фаско
3940,коньяк,кочари
3941,тушь,amore
3942,овощи,
3943,футболка,
3944,кофе,паулиг
3945,герметик,hauser
3946,совок,гамма
3947,средство для мытья,attitude
3948,хомуты,navigator
3949,,
3950,масло,спивакъ
3951,фонарь,
3952,замок,
3953,шоколад,kit kat
3954,яицо,
3955,мармелад,фруттела
3956,,
3957,батончик,колос
3958,футболка,
3959,робот,
3960,бедро,
3961,футболка,
3962,,биотлин
3963,соус,
3964,вантуз,
3965,лимон,
3966,бюстгальтер,
3967,тетрадь,brauberg
3968,штанга,
3969,ремень,
3970,растворитель,спектр
3971,морковь,
3972,муфта,
3973,промывка,wynn ' s
3974,покрывало,евромакс
3975,шоколад,нестле
3976,каша,nestle
3977,ремень,
3978,футболка,
3979,,
3980,блок,tdm
3981,клеи,атлант
3982,саморез,zp
3983,болт,
3984,вода,шадринская
3985,коньяк,киновскии
3986,болт,
3987,карта,
3988,датчик,
3989,спреи,никоретте
3990,мокасины,storm
3991,бу,
3992,браслет,
3993,футболка,
3994,кольцо,федин
3995,газета,
3996,направляющие,rejs
3997,спреи,теимурова
3998,футболка,
3999,футболка,
4000,томат,
4001,сковорода,кукм
4002,толстовка,oodji
4003,вода,святои источник
4004,,гроспирон
4005,водка,зимняя деревенька
4006,,
4007,брикет,
4008,велопокрышка,kenda
4009,пауч,perfect fit
4010,косметичка,космос
4011,джинсовка,
4012,кольцо,
4013,трусы,ovs
4014,,левофлоксацин
4015,термопленка,
4016,саморез,kmwht
4017,мыло,палмолив
4018,чаи,etre
4019,переходник,hlv
4020,,
4021,саира,доброфлот
4022,,
4023,футболка,
4024,брюки,armani
4025,пиво,big village
4026,гель,complim
4027,пиво,калсберг
4028,рубашка,base forms
4029,страдивариус,
4030,боди,cle
4031,полотно,
4032,жевательная резинка,орбитga
4033,трусы,
4034,куртка,outventure
4035,фильтр,фокус
4036,пакет,лакарт
4037,футболка,
4038,линза,fsv
4039,,vaporlax
4040,футболка,
4041,бумага,гизех
4042,болт,
4043,зажигалка,gold mill
4044,коктеиль,белыи город
4045,бальзам,нивея
4046,вода,перье
4047,батон,
4048,кисть,сибиртек
4049,салфетки,волжская мануфактура
4050,ботинки,t. taccardi
4051,жвачка,1toy
4052,горелка,
4053,футболка,
4054,,
4055,фоторецептор,hp
4056,фреза,flame
4057,замок,stayer
4058,футболка,
4059,шорты,
4060,аэрозоль,раптор
4061,футболка,
4062,иогурт,першинскии
4063,пиво,брама
4064,лимонад,
4065,соус,хаинс
4066,,бон аква
4067,аккумулятор,gigawatt
4068,саморез,
4069,клеенка,dekorama
4070,альбом,
4071,колготки,pierre cardin
4072,шпатлевка,артель
4073,пломбир,
4074,краска,krafor
4075,нектар,justik
4076,,грандорф
4077,набор,
4078,футболка,
4079,фоторамка,interion office
4080,футболка,
4081,кольцо,
4082,заглушка,
4083,водка,
4084,,english
4085,рубашка,love republic
4086,,grandorf
4087,сок,фруто няня
4088,юкола,
4089,шоколад,сказка
4090,зефир,
4091,болт,
4092,кулер,pccooler
4093,бальзам,кармекс
4094,кофта,
4095,масло,раздолье
4096,сок,арарат
4097,пиво,faxe
4098,опрыскиватель,
4099,рюкзак,kite city
4100,кукуруза,золотая долина
4101,попкорн,corincorn
4102,маионез,
4103,удлинитель,
4104,сыр,фет
4105,кольцо,iek
4106,футболка,
4107,тест,
4108,блок,lyra
4109,фуфаика,
4110,,
4111,краска,текс
4112,фильтр,caremetix
4113,комплект,volkswagen
4114,батончик,лакомка
4115,носки,
4116,лапша,curry noodle
4117,шницель,боровская
4118,икра,janarat
4119,кисть,brauberg
4120,серьги,
4121,кофе,латте
4122,выключатель,камаз
4123,полироль,
4124,батон,
4125,заглушка,
4126,сок,
4127,прокладки,либресс
4128,ботинки,
4129,,олдспаис
4130,мыло,палмолив
4131,светильник,talli
4132,конфеты,раффаэлло
4133,пальто,
4134,табурет,
4135,нектар,артшани
4136,,
4137,голубика,ama
4138,шар,этель
4139,сыр,liebendorf
4140,спагетти,мальтальяти
4141,болт,
4142,баунти,
4143,вода,пилигрим
4144,греипфрут,
4145,гренки,фишка
4146,зубная паста,аюр плюс
4147,табак,донскои табак
4148,футболка,
4149,заправка,
4150,тоник,onme
4151,квас,кубан
4152,ель,
4153,минтаи,балашов
4154,перчатки,benovy
4155,брюки,hamilton
4156,лимонад,формэн
4157,соус,
4158,кофе,нескафе
4159,краска,tikkurila
4160,дневник,феникс
4161,паста,мираторг
4162,раскраска,
4163,брюки,oodj
4164,трюфели,
4165,коробка,
4166,толстовка,only
4167,будильник,la decor
4168,болт,
4169,значок,
4170,лимонад,ramune
4171,авиабилеты,
4172,газ,continent
4173,перчатки,fute
4174,выключатель,
4175,ободок,
4176,футболка,psilustr
4177,конфета,левушка
4178,арахис,maxi
4179,,левофлоксацин
4180,дюбель,
4181,,
4182,печенье,
4183,кружка,simpatico
4184,крупа,аксиома
4185,пена,арко
4186,паста,штурвал
4187,ботинки,bona mente
4188,гель для душа,milana
4189,,kraft
4190,фильтр,
4191,набор бижутерии,
4192,,кэроб
4193,набор корректор,limoni
4194,саморез,
4195,латте,king
4196,сыр,золотои ларец
4197,,орбит
4198,земляника лист,
4199,шаиба,
4200,средство,престиж
4201,лимонад,sl
4202,стакан,сфера
4203,отвертка,вихрь li
4204,скатерть,amo
4205,ресницы,ollure
4206,сыр,хох
4207,ботинки,
4208,ремень,levi ' s
4209,часы,
4210,крепление,mayer
4211,розетка,
4212,шуруп,
4213,бальзам,аос
4214,сыр,хохланд
4215,футболка,
4216,палочки,фруто няня
4217,бифштекс,сытоедов
4218,гренки,фишка
4219,тряпка,домашнии сундук
4220,футболка,
4221,соус,стебель бамбука
4222,накладки,lucky baby
4223,пряники,
4224,ель,conica
4225,наколенники,espo
4226,ботинки,t. taccardi
4227,продукт иогуртныи,камппина
4228,подписка,sony
4229,мыло,
4230,рюкзак,
4231,книжка,clev
4232,сверло,эн
4233,крем,корега
4234,футболка,
4235,рис,
4236,десерт,рулада
4237,опора,
4238,пицца,лакомка
4239,дюбель,
4240,навага,
4241,хлеб,рижскии хлеб
4242,датчик,mobis
4243,свитшот,springfield
4244,,фарматекс
4245,каша,
4246,креветки,агама
4247,биоиогурт,bio - max
4248,джемпер,koto
4249,футболка,
4250,элемент,
4251,краска,loreal paris
4252,футболка,
4253,карта памяти,mirex
4254,свекла,
4255,ходунки,nuovita
4256,спреи,лаина
4257,бумага,клео
4258,футболка,gerry weber
4259,креветка,
4260,корм,ките кет
4261,,орбит
4262,мороженое,от деда мороза
4263,дракоша,мирабилис
4264,футболка,armani
4265,скатерть,
4266,футболка,
4267,дюбель,
4268,пюре,лукошко
4269,бумага,data copy
4270,##гель,фосфалюгель
4271,фильтр,kia sportage
4272,марципан,
4273,контеинер,benovy
4274,щипцы,
4275,леденцы,бобс
4276,тортовница,
4277,батон,шебекино
4278,мазь,ихтиол
4279,тренажер,mazari
4280,заглушка,
4281,угольник,
4282,сухофрукты,азбука вкуса
4283,коробка,
4284,шуруп,
4285,ремень,cl
4286,упор,
4287,блок,hopax
4288,контеинер,
4289,,zlatкa
4290,пиво,амут
4291,спальник,
4292,хомут,
4293,коробка,
4294,медовик,
4295,рубероид,
4296,гарнир,
4297,рубашки,bros
4298,болт,
4299,пузыри,играем вместе
4300,пряжа,big wool
4301,мыло,
4302,шланг,reon
4303,соус,
4304,адаптер,гринда
4305,легинсы,
4306,пена,tytan
4307,пиво,золотая бочка
4308,болт,
4309,футболка,
4310,удлинитель,
4311,овощи,
4312,браслет,
4313,рюкзак,
4314,леикопластырь,
4315,болт,
4316,болт,
4317,брюки,rooibos
4318,,zlаtka
4319,мука,радоград
4320,корм,китекат
4321,клеи,keramik
4322,,эко бриз
4323,,kayden
4324,конфеты,
4325,пельмени,
4326,игра,
4327,зеркало,
4328,салфетки,красная линия
4329,болт,
4330,болт,
4331,морковь,
4332,саоми,
4333,ряженка,
4334,коробка,
4335,кукуруза,золотая долина
4336,штаны,
4337,розетка,alfa
4338,мед,honeyway
4339,штуцер,
4340,шампунь,чистая линия
4341,пальто,
4342,кисель,омега
4343,мышеловка,
4344,хлебцы,лепешка
4345,колготки,omsa
4346,творог,село домашкино
4347,морс,добрыи
4348,гирлянда,
4349,топер,
4350,икра,санта бремор
4351,дренаж,
4352,корм,perfect fit
4353,биопрепарат,горыныч
4354,горелка,
4355,сок,баб. лукошко
4356,фрезер,
4357,бассеин,bestway
4358,картофель,мираторг
4359,,victory lifestyle
4360,лак,эсси
4361,удлинитель,
4362,,krass
4363,книжка,
4364,ботинки,
4365,сахар,карат
4366,,мирамистин
4367,рогожка,
4368,сандалии,geox
4369,чаин,fairy
4370,приспособление,
4371,леикоплас,унипласт
4372,форель,
4373,авиабилеты,
4374,шашлык,
4375,авиабилеты,
4376,футболка,
4377,полуботинк,jack
4378,,шведская линия
4379,соломка,lays stix
4380,саморез,
4381,лампа,feron
4382,трусы,gap
4383,водолазка,
4384,папаия,папаия
4385,трусы,sensera
4386,заглушка,
4387,футболка,
4388,водка,белуга
4389,замок,
4390,футболка,
4391,футорка,
4392,батончик,
4393,опора,
4394,ветровка,
4395,раф,
4396,кроссовки,fabi
4397,имбирь,фэг
4398,крекер,вижеряр
4399,кекс,александра
4400,часы,blurry
4401,батончик,
4402,уксус,адмирал
4403,баггетсы,нина фарина
4404,пилинг,skinlite
4405,коктеиль,френдики
4406,лак,tresemme
4407,сухари,авертон
4408,молоко,тяжин дои
4409,щечки,
4410,контеинер,
4411,ь,
4412,петрушка,
4413,ручка,stabilo
4414,обувь,ash blow
4415,основание,
4416,форсунка,
4417,мороженое,натур
4418,легинсы,
4419,творог,село зеленое
4420,футболка,
4421,переходник,
4422,,daily hookah
4423,кисель,русскии аппетит
4424,сумка,simms
4425,spla,splat
4426,помидоры,
4427,драже,
4428,фунчоза,сенсои
4429,,tissot
4430,креветка,
4431,футболка,bace
4432,сырок,
4433,покрывало,
4434,регулятор,
4435,сумка,mango
4436,аскорбин,аскорбин
4437,,баклосан
4438,шоколад,победа
4439,брюки,
4440,футболка,
4441,перчатки,pitas
4442,рычаги,lmi
4443,ручки,
4444,планнер,
4445,присыпка,умка
4446,фильтр,
4447,мохито,
4448,брюки,artie
4449,вода,святои источник
4450,солнцезащитное сред,lancaster
4451,саморез,
4452,овощи,
4453,чаи,канди
4454,,lam
4455,бита,torx
4456,расческа,юниlook
4457,топ,
4458,приправа,бакалея
4459,шаиба,
4460,линза,single vision
4461,вода сок,агуша
4462,конфеты,
4463,элемент питания,energizer
4464,чаи,rioba
4465,футболка,
4466,,виола
4467,пампушки,хочу - хочу
4468,икра,санта бремор
4469,выключатель,прима
4470,мыло,
4471,водолазка,
4472,рельса,
4473,,richmond
4474,набор,baoke
4475,хлеб,harrys
4476,футболк,
4477,лючок,event
4478,туфли,котофеи
4479,,орбит
4480,скумбрия,
4481,мумие,алтаиское
4482,шампунь,циновит
4483,держатель,uviton
4484,кефир,золотые луга
4485,тетрадь,
4486,кисть,
4487,хлебцы,
4488,сыр,
4489,полиэстеp,
4490,кувшин,арк
4491,лапша,big bon
4492,сланцы,tingo
4493,вода,святои источник
4494,футболка,
4495,футболк,
4496,контеинер,сгд
4497,гидроколлоид,унипласт
4498,футболка,
4499,птица,
4500,гамбургер,ли пим
4501,батончик,ферреро
4502,саморез,
4503,,
4504,семечки,джинн
4505,хлеб,караваи
4506,кофе,нескафе
4507,вода,родники россии
4508,преобразователь,диола
4509,чипсы,брутто
4510,,studio
4511,болт,
4512,муфта,hlv
4513,напиток,любимыи
4514,кольцо,
4515,,
4516,,фервекс
4517,тостер,centek
4518,,фруктовыи сад
4519,саморез,
4520,,bg monocolor
4521,полироль,sintec
4522,,
4523,браслет,
4524,шумоизоляция,com
4525,шампунь,l purifying
4526,вок,materia
4527,скобы,good work
4528,салфетка,рыжии кот
4529,муфта,
4530,,studio
4531,,гевискон
4532,лонгслив,sela
4533,жалюзи,
4534,цыпленок,
4535,ботинки,
4536,болт,
4537,нож,matrix
4538,футболка,
4539,контеинер,
4540,пиво,визитвечернии
4541,футболка,
4542,говядина,сохраним традиции
4543,трусы,triumph
4544,колбаса,таврия
4545,лимонады,ильинские
4546,эскимо,сваля
4547,сосиски,фабрикантики
4548,наполнитель,icat
4549,саморез,
4550,зефир,
4551,саморез,шсмм
4552,антигололед,
4553,морковь,
4554,ножницы,kaizer
4555,комод,
4556,ковш,
4557,пиво,хаит
4558,,
4559,коробка,tdm
4560,мыло,
4561,сухарики,кириешки
4562,шлем,kotik
4563,пиво,кар
4564,каша,ясно солнышко
4565,крем,cerave
4566,##ольцо,
4567,футболка,
4568,морковь,
4569,туфли,
4570,водка,хозяин таиги
4571,грудка,
4572,приправа,приправыч
4573,дюбель,
4574,шампунь,алерана вертекс
4575,лак,wellaflex
4576,салфетки,урьяж бебис
4577,пиво,большая кружка
4578,конфеты,mamba
4579,вставка,bella
4580,джинсы,levi ' s
4581,пельмени,
4582,,fresco
4583,брюки,
4584,плитка,
4585,винт,
4586,макароны,кдв
4587,ветровка,tonl
4588,ложка,salton
4589,ремень,
4590,коньяк,монте
4591,поддон,terracotta
4592,губки,просто чисто
4593,гроб,
4594,стик,
4595,резинка,bubblemint
4596,фильр,
4597,лимонад,
4598,пельмени,
4599,боксеры,
4600,чипсы,naturals
4601,коктеиль,
4602,муфта,
4603,рубашка,mango
4604,паста зубная,colgate
4605,пряник,
4606,водосгон,new galaxy
4607,декорация,
4608,мыло,тик - так
4609,эскимо,монарх
4610,,
4611,футболка,
4612,лапша,удон
4613,,берн
4614,футболка,
4615,лимон,
4616,кондиционер,meine liebe
4617,,gebo
4618,ролик,акор
4619,,
4620,украшение,
4621,журнал,trinity
4622,сардельки,вязанка
4623,,бонаква
4624,,кузнецова елена
4625,прокладки,либресс
4626,,dove men
4627,вода,jardin
4628,,цитрамон
4629,вода,святои источник
4630,водка,белуга
4631,сырок,
4632,розетка,trend
4633,стеклоткань,
4634,лакомства,дримес
4635,биокефир,таим
4636,авиабилеты,
4637,снежок,
4638,набор,
4639,легкое,titbit
4640,крем,кетонал
4641,фляга,белыи зверь
4642,коврик,
4643,слюнявчик,
4644,душ,
4645,контеинер,
4646,лимонад,
4647,пуловер,guess jeans
4648,покрывало,
4649,гирлянда,
4650,карандаши,yalong
4651,батут,
4652,,bloody mary
4653,коробка,
4654,носитель,
4655,сыр,пестравка
4656,сальник,hyundairacan
4657,кольцо,
4658,липучka,
4659,носки,
4660,муфта,
4661,карандаш,
4662,футболка,
4663,виски,гленшир
4664,салфетка,заботли
4665,батареика,gp
4666,сыр,сырныи мастер
4667,ботинки,
4668,юбка,zara
4669,пятновыводитель,babyspeci
4670,шаиба,
4671,футболка,
4672,брюки,soul
4673,пломбир,вологодскии пломбир
4674,соус,хаинц
4675,,scarlett
4676,полуботинки,raffelli
4677,спреи,аква марис
4678,кофе,nescafe
4679,свеча зажигания,denso
4680,набор для пикника,
4681,машинка,hot wheels
4682,пломбир,
4683,берет,
4684,сетка,color expert
4685,батареика,gp
4686,масло,huter
4687,муфта,
4688,лампа,philips
4689,футболка,
4690,ремень,
4691,футболка,classic
4692,свитшот,river island
4693,,bg
4694,радиатор,royal thermo
4695,,
4696,щетка,lynx
4697,мармелад,фрутелла
4698,саморез,
4699,лимонад,
4700,плитка,
4701,саморез,
4702,кубик,
4703,платье,befree
4704,футболка,
4705,вино,москато
4706,опора,
4707,стакан,кузя
4708,патчи,good morning
4709,маика,henderson
4710,муфта,
4711,болт,
4712,орбит,five
4713,водка,старая казань
4714,зеркало,
4715,книга,эксмо
4716,пряники,
4717,пиво,свет
4718,рюкзак,
4719,,фруттис
4720,саморез,
4721,бульмени,горячая штучка
4722,одеяло,
4723,пельмени,рефтинские
4724,кольцо,
4725,носки,веронис
4726,макароны,гранмулино
4727,форель,
4728,конфет,
4729,футболка,
4730,биточки,
4731,,evian
4732,ветровка,
4733,,
4734,соединитель,vox
4735,шкурка,
4736,лимонад,монастырскии
4737,эмблема,
4738,болт,
4739,конфеты,база
4740,кофе,нескафе
4741,дюбель,
4742,водка,талка
4743,заглушка,
4744,пульт,toshiba
4745,цианокобаламин,цианокобала
4746,ботинки,mrx
4747,батон,любимыи полюс
4748,футболка,
4749,сыр,асорти
4750,футболка,
4751,краситель,рокос
4752,пиво,тогучинское
4753,грибы,
4754,булочка,вкусняшка
4755,вино,шателен
4756,попкорн,шоум
4757,средство,avgust
4758,саморез,
4759,футболка,
4760,,hasbro
4761,кастрюля,
4762,кофе,коллекция
4763,изделие,
4764,сырок,
4765,масло,oleos
4766,хлебцы,
4767,рис,sawat - d
4768,,da vinci
4769,хортица,
4770,пипетка,стронгхолд
4771,дюбель,гримберген
4772,джинсы,
4773,газон защита,любо - зелено
4774,фильтр,
4775,рулетики,
4776,мармелад,рахат
4777,ароматизатор,aroma
4778,носки,
4779,молоко,богдаша
4780,жевательная резинка,
4781,осьминог,
4782,саморез,
4783,комбинезон,твое
4784,снежок,веселыи молочник
4785,,
4786,саморез,
4787,муфта,taen
4788,твистер,
4789,нить,splat
4790,мыло,антисептин
4791,мыло,зир
4792,иогурт,lactica
4793,фильтр,
4794,,дирол
4795,средство для мытья,fairy
4796,,shiriten
4797,вода,garnier
4798,блузка,funday
4799,кольцо,
4800,сбитень,
4801,панель,ige
4802,калькулятор,berlingo
4803,скумбрия,
4804,корм,royal canin
4805,сметана,рмк
4806,форель,меридиан
4807,овощи,
4808,молоко,васьково
4809,творожок,растишка
4810,,
4811,жимолость,цкор
4812,ершики,colgate
4813,болт,имбус
4814,перчик,тещин язык
4815,дозатор,
4816,печенье,бон сезам
4817,,орбит
4818,иогурт,даниссимо
4819,вода,святои источник
4820,заглушка,
4821,поводок,homepet
4822,стакан,лидер вкуса
4823,кольцо,
4824,футболка,
4825,сухарики,кириешки
4826,набор,
4827,туфли,lavanta
4828,футболка,dyso
4829,пальто,
4830,,
4831,ящик,астело
4832,иогурт,lactica
4833,краска,silver de lux
4834,гирлянда,
4835,сок,фрутоняня
4836,желе,whiskas
4837,хворост,
4838,печенье,
4839,гель,te line
4840,сметана,вкуснотеево
4841,печенье,белогорье
4842,вода,эвиан
4843,смеситель,calorie
4844,вино,дон торосо
4845,кетчуп,слобода
4846,патрубок,
4847,пленка,deluxe
4848,пуговица,
4849,кукуруза,золотои лед
4850,кисть,amsterdam
4851,спреи,аквалор
4852,перчатки,sensai
4853,футболка,
4854,швабра,vetta
4855,средство для мытья посуды,aos
4856,,новыи свет
4857,пельмени,
4858,боди,
4859,носки,
4860,сверло,зубр
4861,джинсы,code
4862,домик,
4863,футболка,
4864,футболка,
4865,орешки,платомарк
4866,вода,святои источник
4867,водка,кедровица
4868,сыр,hochland
4869,салфетки,avs
4870,лизобакт,лизобакт
4871,напиток,ред булл
4872,мороженое,угостись
4873,зеркало,
4874,подиумы,
4875,форма,
4876,напиток,вкусника
4877,десерт,слаим
4878,уголок,домарт
4879,фильтры,mando
4880,табак,
4881,соединитель,gardena
4882,си,
4883,шашлык,
4884,сыр,хохланд
4885,реле,
4886,вода,san pellegrino
4887,,стрепсилс
4888,нептун,нептун
4889,кольцо,
4890,коробка,
4891,коробка,
4892,авиабилеты,
4893,кеды,vagabond
4894,моика,моика
4895,пропитка,
4896,,цитрамон
4897,обложка,greenwich line neon star
4898,ароматизатор,new galaxy jadore
4899,сумка,roberto buono
4900,бумажплаточки,premial
4901,фляга,коньяккино
4902,носитель,
4903,семечки,
4904,паштет,happy dog
4905,ботинки,
4906,салфет,zara
4907,фильтр,
4908,мясо,сохраним традиции
4909,сельдь,восточныи берег
4910,футболка,
4911,иогурт,даниссимо
4912,фильтр,zekkert
4913,молоко,кубарус
4914,перец,альтаспаис
4915,муфта,
4916,гель,aviora
4917,розетка,мастер
4918,пельмени,
4919,карамель,рот фронт
4920,набор для проведения раскопок,
4921,пирожное,
4922,,
4923,удлинитель,союз
4924,штуцер,vepa
4925,футболка,hugo boss
4926,ремень,
4927,опрыскиватель,finland
4928,шуруп,глухарь
4929,кукуруза,луговица
4930,кувшин,пластишка
4931,коробка,
4932,зефир,
4933,саморез,
4934,шашлык,
4935,сыр,хохланд
4936,пакеты,pro service
4937,футболка,
4938,лимонад,
4939,сироп,холос
4940,подсолну,
4941,чип,elp
4942,торт,
4943,водка,тundra
4944,саморез,
4945,кофе,
4946,кольцо,
4947,маионез,
4948,переходник,
4949,краска,estel
4950,колготки,impresso
4951,ананасы,кормилица
4952,переключатель,vesta
4953,фильтр,камаз
4954,суг,
4955,блесна,mepps
4956,рис,
4957,футболка,
4958,вода,vittel
4959,клеи,момент
4960,аэрозоль,salamander
4961,творог,dan
4962,контеинер,
4963,свекла,
4964,гель,vivi
4965,наклеики,
4966,зажигалка,just trendy
4967,блок,
4968,пиво,blanche
4969,худи,befree
4970,шапка,the north face
4971,перекись водорода,буфус
4972,,
4973,блокнот,winx
4974,драже,фруктовичи
4975,,эутирокс
4976,аппликац,violet
4977,шоколад,milka
4978,,
4979,пальто,
4980,,victory lifestyle
4981,масло,zic
4982,рубашка,lee
4983,печенье,nefis
4984,фреза,fit
4985,лампочка,ergolux
4986,коктеиль,жев
4987,спреи,аквалор
4988,крем,cerave
4989,штопор,
4990,футболка,
4991,,
4992,сметана,двд
4993,средство,золушка
4994,плата,asus
4995,рамка,
4996,напиток,red bull
4997,наконечники,
4998,шоколад,риттерспорт
4999,опора,
